,Tags
животноводство,1415
растениеводство,1367
агрономия,1125
,277
помощь животновода,235
сельхозтехника,167
помощь агронома,153
защита растений,132
агротехника,106
кормление,91
агроинженер,83
ветеринария,76
порода коров,69
новости животноводство,62
удобрения,61
новости,59
пшеница,55
сорняк,54
свиньи,53
удобрение,51
агрохимия,49
сельское хозяйство,48
подсолнечник,46
заготовка корма,46
записки животновода,46
норма скармливания,45
хранение корма,44
рацион,44
гербицид,44
лечение,44
карты животновод,44
корм,42
агроновости,42
свиноводство,42
агро,41
инфографика животноводство,39
эксперимент,39
силос,38
вредитель,37
зерновые,37
кукуруза,36
вспашка,36
микроэлементы животноводство,36
овцы,35
дискование,34
технология возделывания,34
зерно,34
болезнь,34
яблоня,33
порода коз,33
пшеница озимая,32
болезни коров,32
фунгицид,32
карбамид,32
коневодство,32
профилактика болезней,31
мясо-молочная порода,31
мясная порода коров,31
воспроизводство,31
ноу тилл,30
применение удобрений,30
лошади,29
двудольный,28
козоводство,28
сенаж,27
посев,27
инфографика,27
соя,27
почвообрабатывающая техника,26
пшеница яровая,26
болезни зерновых,26
мсх,26
обработка почвы,25
доение,25
еврохим,25
вебинар,24
картофель,24
концентраты,23
заразная болезнь,23
рапс,23
молочная порода коз,22
ячмень яровой,22
азот,22
порода овец,22
породы свиней,21
универсальная порода свиней,20
ячмень озимый,20
комбайн,20
ячмень,20
болезнь пищеварительной системы,20
болезни овец,20
садоводство,20
козы,20
корма,20
уборка,20
болезни коз,19
мастит,19
озимая пшеница,19
доброкачественность,18
инфекционная болезнь,18
горох,18
инсектицид,18
мясо-шерстная порода овец,18
осеменение,18
концентрированные корма,17
сеялка,17
вымя,17
микроэлементы овцы,17
байер,17
интервью,17
породы лошадей,17
эксперимент 2019,17
семена,17
вынос,16
азотные удобрения,16
силосование,16
сено,16
мясная порода свиней,16
линейка агронома,16
сульфат магния,16
молочная порода коров,16
протравливание,15
конный спорт,15
тепловой стресс,15
урожайность,15
кормление видео,15
кас,15
грубые корма,15
бык,15
протравитель,15
птицеводство,14
теленок,14
голштинская,14
техника для уборки урожая,14
жук,14
сзр,14
трактор,14
bayer,14
рапс яровой,14
десикация,14
боронование,14
граминицид,14
рапс озимый,13
опрыскивание,13
посевная,13
сорное растение,13
рожь озимая,13
доильное оборудование,13
глифосат,13
молоко,13
вакцинация,13
посевная техника,13
беконная порода свиней,13
сад,12
молозиво,12
плуг,12
борона,12
уборка урожая,12
фермерство,12
пс,12
многоядный,12
сочные корма,12
ацидоз,12
овес,12
калий,12
болезни жвачных,12
чешуекрылые,12
аммиачная селитра,12
содержание животных,12
фосфор,12
культивация,12
инфекция,12
искусственное осеменение,11
подкормка,11
доярка,11
ферма,11
высокопродуктивные,11
норма высева,11
акушерство,11
анатомия животных,11
защита сада,11
баковая смесь,11
соски,11
мочевина,11
яблоки,11
обрезка копыт,11
сухостойный период,11
силосная траншея,11
телята,11
витамины,10
корнеотпрысковые,10
профилактика,10
навоз,10
микроэлементы,10
отел,10
форум,10
доение видео,10
культиватор,10
болезнь дыхательной системы,10
верховые,10
урожай,10
тебуконазол,10
кормозаготовительная техника,10
антибиотики,10
летний период,10
фунгициды,10
многолетние,10
протравитель фунгицидный,10
лен масличный,10
выставка,10
препаративная форма,10
кормление коз,9
физиологическая болезнь плодов,9
охота,9
болезнь свиней,9
прикатывание,9
зоогигиена,9
семеноводство,9
десикант,9
инсектициды,9
хранение зерна,9
мясо-сальная порода свиней,9
болезнь растений,9
вишня,9
молочная продуктивность,9
плодоводство,9
рубец,9
однолетний,9
молочные козы,9
сера,9
протоколы лечения,9
тонкорунная,8
лен,8
серосодержащие удобрения,8
почва,8
вынос элементов питания,8
опрыскиватели,8
лущение,8
сорт,8
протравитель инсектицидный,8
fmc,8
гипокальциемия,8
герефордская,8
вирусная инфекция,8
вирус,8
свиноматки,8
аммофос,8
ламинит,8
мучнистая роса,8
рентабельность,8
микроклимат,8
мясная порода овец,8
агропедия,8
содержание видео,8
хранение яблок,8
рожь,8
хранение кормов,8
болезнь нервной системы,8
euralis,8
антропозооноз,8
no-till,8
однодольный,8
экономика животноводства,8
машинное доение,8
силос кукурузный,8
симментальская,8
болезнь плодов,8
гниль,7
болезни телят,7
уборка кормов,7
кукуруза на зерно,7
черешня,7
болезнь хранения,7
болезни подсолнечника,7
магний,7
озимая рожь,7
универсальная порода лошадей,7
козлята,7
тракторная и автомобильная техника,7
норма расхода,7
местные породы,7
обезроживание,7
севооборот,7
груша,7
кормозаготовка,7
иммунитет,7
стельность,7
содержание крс,7
экономика растениеводства,7
ржавчина,7
пахота,7
обработка вымени,7
опрыскиватель,7
болезни свиней,7
отбор скота,7
швицкая,7
родовспоможение,7
диарея телят,7
окоз,7
болезни копытец,7
вакцина,7
зернобобовые,6
доильный аппарат,6
копытные ванны,6
красная датская,6
зааненская,6
болезни конечностей,6
частота пульсаций,6
плоды и овощи россии 2021,6
содержание коз,6
болезни лошадей,6
югагро2021,6
протеин,6
злаковые мухи,6
гумус,6
приобретение скота,6
югагро,6
тяжеловозные,6
регуляторы роста,6
топ статей,6
корма животного происхождения,6
дискатор,6
курдючная порода,6
кк,6
фузариоз колоса,6
тяжелоупряжные,6
аммонийный азот,6
кальций,6
упряжные,6
обработка семян,6
уровень вакуума,6
шортгорнская,6
фосфор животноводство,6
зооантропоноз,6
корневые гнили,6
ремонтный молодняк,6
перевозка скота,6
ферма коз,6
бобовые,6
яйцо,6
скорость воздуха,6
акарициды,6
отход промышленной переработки,6
молочное скотоводство,6
многолетние корнеотпрысковые,6
молочно-мясная порода коз,6
сульфат аммония,6
стерня,6
зерно злаковых,6
гормональная стимуляция,6
фосфорные удобрения,6
субклинический мастит,6
листовые подкормки,6
тритикале,6
репродуктивные органы,6
приточный воздух,6
качество зерна,6
пырей ползучий,6
цены,6
люцерна,6
поставка скота,6
доильный зал елочка,6
шаролезская,6
градация,6
возбудитель,6
овцеводство,6
болезнь мочеполовой системы,6
окот,6
семя животноводство,6
совка,6
доильный зал карусель,6
абердин-ангусская,6
пестициды,6
зцм,5
гигиена,5
корнеклубнеплоды,5
гречиха,5
клещ,5
экспорт,5
передвижение животных,5
сухое вещество,5
азоксистробин,5
свинарник,5
свекла,5
экономика,5
анализ,5
жмых,5
нитратный азот,5
сидерат,5
нулевая технология,5
неоникотиноиды,5
местные лесные,5
топ по животноводству,5
копыта,5
капустный сорняк,5
болезни молодняка,5
гельминты,5
беспривязный,5
ипподром,5
оплодотворение,5
хранение,5
сингента,5
защита яблони,5
жкт,5
катки,5
биурет,5
энергия,5
яичное птицеводство,5
молочный белок,5
градация почв,5
применение фунгицидов,5
кормление свиней,5
кислотность почвы,5
нут,5
жатка,5
цены на молоко,5
осеменение телок,5
полутонкорунная,5
многоядный вредитель,5
ретардантный эффект,5
болезни молочной железы,5
пав,5
озимые зерновые,5
лущильник,5
нубийская,5
яровая пшеница,5
трибенурон-метил,5
корневая гниль,5
болезни,5
грубошерстные,5
беременность,5
сперма,5
удой,5
горчица,5
мухи,5
цинк животноводство,5
yugagro2021,5
yugagro,5
рабочий раствор,5
принудительная вентиляция,5
пуховая порода коз,5
болезнь покровов тела,5
озимый ячмень,5
средства защиты растений,5
аллюр,5
рога,5
молочно-мясная порода овец,5
гербициды,5
содержание свиней,5
рулоны,5
англерская,5
почвенный гербицид,5
ndvi,5
кетоз,5
молибден животноводство,5
септориоз,5
селен животноводство,5
виноградарство,5
аминокислоты,5
сенаж в рулонах,5
виноград,5
сахарная свекла,5
клинический мастит,5
мониторинг,4
осеменение коз,4
шерстная порода овец,4
альпийская,4
молочай,4
птицефабрика,4
тоггенбургская,4
оплодотворение свиней,4
зебу,4
защищенный белок,4
бык-производитель,4
применение гербицидов,4
индивидуальные домики,4
плоды и овощи,4
отходы перерабатывающей промышленности,4
опорос,4
молочная порода овец,4
микроудобрения,4
ягнение,4
проволочник,4
опыление,4
монбельярдская,4
витамин е,4
силосохранилище,4
топ от участников,4
яровой рапс,4
триазолы,4
доильный зал параллель,4
инпут,4
солигор,4
соматические клетки,4
бактерии,4
упитанность,4
полносмешанный рацион,4
калифорнийский тест,4
рн воды,4
семя,4
управление стадом,4
озимый рапс,4
зоотехнический анализ кормов,4
зеленый корм,4
инъекции,4
откорм свиней,4
орошение,4
сосковая резина,4
цена,4
болезнь цнс,4
минеральные удобрения,4
селекция,4
безостая 100,4
колимаститы,4
супоросность,4
йод животноводство,4
макроэлементы,4
органические удобрения,4
корова,4
вентиляция,4
глубокорыхлитель,4
язва рустергольца,4
диагностика,4
переработка молока,4
гибрид,4
потуги,4
схватки,4
почвообработка,4
рацион для свиней,4
однодольные,4
меринос,4
удобрение картофеля,4
коровник,4
косилка,4
асканийская,4
органические,4
местные степные,4
пя,4
надой,4
медь животноводство,4
зарубежный скот,4
топ сорняков,4
горец,4
просо,4
топ вредителей,4
болезни копыт,4
магазин direct.farm,4
транзитный период,4
санта-гертруда,4
болезнь мортелларо,4
экспорт зерна,4
покупка,4
снижение потребления корма,4
озимые,4
рассрочка,4
сорта и гибриды,4
покупка семян,4
овуляция,4
патока,4
джерсейская,4
меласса,4
свекловичная меласса,4
содержание,4
скидка,4
температура воздуха,4
пятнистость,4
болезни печени,4
чизель,4
консервация силоса,4
медный купорос,4
рысистые,4
фузариоз,4
флорасулам,4
гельминтоспориоз,4
экспорт пшеницы,4
стресс у свиней,4
кукуруза на силос,3
тилома,3
флегмона венчика,3
сенаж в траншею,3
слива,3
лактация,3
персик,3
объемистые корма,3
качество воды,3
дегельминтизация,3
накладки для копыт,3
стойловое,3
прямой посев,3
proagrotalk,3
болезни новотельного периода,3
новотельные коровы,3
разбрасыватель,3
покупка пестицидов,3
доение коз,3
болезнь неонатального периода,3
зимующий однолетник,3
грозненская,3
алтайская порода овец,3
витамин к,3
протравители,3
многолетние сорняки,3
причины болезней,3
сев,3
потомство,3
двудольные сорняки,3
форум 2021,3
ландрас,3
пневмония крс,3
стекловидность,3
минеральное питание,3
марганец животноводство,3
луговой мотылек,3
люпин,3
железо животноводство,3
паутинный клещ,3
syngenta,3
кормовой стол,3
вика,3
совместимость,3
новотельные,3
браман,3
поздний сухостой,3
пьетрен,3
фузариозная корневая гниль,3
абрикос,3
семенное ложе,3
дикамба,3
щетинник,3
грибные заболевания,3
озимые культуры,3
болезнь кукурузы,3
однодольные сорняки,3
тля,3
сорняки,3
птичий помёт,3
технологическая карта,3
поваренная соль,3
фертигация,3
верхово-упряжные,3
марь белая,3
видеоописание,3
спортивные лошади,3
амброзия,3
мировой сбор,3
трамбовка силоса,3
промышленное козоводство,3
аллергическая реакция,3
яровой ячмень,3
кормосмеситель,3
кукурузный силос,3
точное земледелие,3
витамин а,3
витамин д,3
задержание последа,3
анка,3
кормораздатчик,3
прямое комбайнирование,3
техкарта,3
упаковка кормов,3
воспроизводство коз,3
болезни пшеницы,3
снежная плесень,3
бельгийская голубая,3
заразиха,3
памятка,3
зерновые культуры,3
клеарфилд,3
влажность кормов,3
кратность доения,3
овсюг,3
подкормка озимых,3
саранча,3
влажные корма,3
цветение,3
болезнь лошадей,3
черно-пестрая,3
шрот,3
внекорневое,3
откорм быков,3
роды,3
болезнь молодняка,3
породы видео,3
нематоды,3
санитария,3
пчелы,3
стробилурины,3
жку,3
пиретроиды,3
эпв,3
записка агронома,3
соко,3
поросята до 2-х месяцев,3
болезнь обмена веществ,3
тепло,3
крахмал,3
ростсельмаш,3
бройлер,3
костромская,3
многолетние корневищные,3
кормовые добавки,3
кормопроизводство,3
уборочная,3
содержание элементов в почве,3
поение коров,3
дикват,3
сода,3
аллергия,3
порода лошадей,3
кормление телят,3
мясная порода,3
метсульфурон-метил,3
половая охота свиней,3
айрширская,3
пищеварительная система,3
классический подсолнечник,3
amazone,3
оборудование для внесения удобрений,3
районирование почв,3
болезни ягнят,3
костер,3
скипетр,3
метрит,3
измерение ph в моче,3
углеводы,3
пестицид,3
аллерген,3
применение инсектицидов,3
альтернариоз,3
резистентность,3
йоркшир,3
жир,3
доильная установка,3
тепличная отрасль,3
зерновые корма,3
лакон,3
прививка,3
настройка,3
караван,3
грызуны,3
аммиак,3
жвачка,3
молочай лозный,3
кислотность молока,3
тексель,3
болезнь свеклы,3
голодная ямка,3
рысаки,3
снижение молочной продуктивности,3
омфалит,3
управление фермой,3
тест,3
овощеводство,3
овощи,3
молочная лихорадка,3
заморозки,3
капустная моль,3
пивная дробина,3
вьюнок полевой,3
птица,3
питательность,3
велена,3
паратуберкулез,3
калийные удобрения,3
плодовые культуры,3
прямокрылые,3
дюрок,3
осот,3
бурская,3
ангорская,3
качество резины,3
алексеич,3
средства для обработки вымени,3
хлеб,3
интересные факты,3
мясная порода коз,3
матка,3
фитофтороз,3
осот полевой,3
aqualis,3
микроклимат в свинарнике,3
цены на зерно,3
горчица на сидерат,3
хлористый калий,3
ведро с соской,3
sumiagro,3
герметизация кормов,3
горох на зерно,2
азотная подкормка,2
пцр,2
оидиум,2
ширина лапы,2
пыльная головня,2
стойла,2
бестужевская,2
улей,2
пчеловодство,2
тагильская,2
русская белая,2
некорневая подкормка,2
холмогорская,2
фосагро,2
навигация,2
gps,2
тукосмесь,2
стимуляция вымени,2
раздой,2
автоматизация,2
мурсиана-гранадина,2
мастит коз,2
золотистый стафилококк,2
полив,2
адель,2
имазамокс,2
кондиция,2
ректальное исследование,2
юка,2
выращивание ремонтного молодняка,2
фосфорорганические,2
unifer,2
вуксал,2
соевый шрот,2
цельное молоко,2
диарея,2
амидный азот,2
сплошной посев,2
зимующий,2
милдью,2
зарубежный опыт,2
зеленый конвейер,2
генерация,2
клубеньковые бактерии,2
питание картофеля,2
ожирение печени,2
дистрофия печени,2
мясо,2
карликовые козы,2
витаминная добавка,2
ягодные культуры,2
жесткость воды,2
вертикальная,2
полы в коровнике,2
минитилл,2
карачаевская,2
пастбищное,2
ромашка непахучая,2
внекорневая подкормка,2
мягкая пшеница,2
залежные земли,2
психология коров,2
родентицид,2
многоплодие маток,2
ацетонемия,2
минимальная обработка почвы,2
минсельхоз,2
катрос,2
белковомолочность,2
кормление птицы,2
сыворотка,2
белок,2
ку-лихорадка,2
кетоновые тела,2
репродукция,2
бис,2
кировец,2
сорта сои,2
лактация коз,2
инфекционный артрит-энцефалит,2
свинки,2
болезнь системы крови,2
штригель,2
откорм,2
здоровье конечностей,2
оберхазли,2
овцематка,2
кадры,2
гернсийская,2
выездка,2
сексирование спермы,2
конкур,2
ламанча,2
молочные овцы,2
разведение животных,2
агрохимический анализ почв,2
гранстармега,2
сальная порода,2
зимний зерновой клещ,2
селитра,2
осеменение овец,2
фитопатология,2
качество молока.,2
день поля,2
отбор почвы,2
пырей,2
обезвоживание,2
таня,2
предплужник,2
группировка скота,2
калимаг,2
обработка копыт,2
копулировка,2
прививка в расщеп,2
суффолк,2
плужная подошва,2
доение овец,2
осенняя прививка,2
сорные растения,2
поение телят,2
витамин в,2
кзс,2
сульфоаммофос,2
прогнозирование,2
кормление овец,2
подмаренник цепкий,2
эстонская беконная,2
еланчик,2
граф,2
горец вьюнковый,2
ярутка полевая,2
пастушья сумка,2
агросигнал,2
обезроживание козлят,2
бактериоз,2
pgf2α,2
тиаметоксам,2
выгульное,2
поение свиней,2
яч,2
фтор животноводство,2
широкорядный посев,2
молозивный период,2
илиада,2
здоровье телят,2
ветеринарные препараты,2
нетели,2
гемпшир,2
смещение сычуга,2
лекарственные средства,2
агробизнес,2
прозаро,2
сычуг,2
мясное птицеводство,2
припосевное удобрение,2
дерново-подзолистые,2
гурт,2
подзолистые,2
клостридиоз,2
видео вредитель,2
болезни картофеля,2
двулетние,2
клостридии,2
кавалерка,2
голубомордый лейстер,2
нормандская,2
полевой эксперимент,2
бензимидазолы,2
распылитель,2
маргрет,2
герда,2
видея,2
пенсильванское сито,2
ваня,2
ацетамиприд,2
клотианидин,2
баграт,2
хлебная полосатая блошка,2
ифа,2
ся,2
переработка навоза,2
рид,2
лейкоз крс,2
антонина,2
синергизм,2
корм с водой,2
сухостойные,2
система удобрений,2
записки,2
жирномолочность,2
ирень,2
скорость посева,2
пищевое яйцо,2
веха,2
акарицид,2
влажность семян,2
обработка колоса,2
половая охота,2
калий животноводство,2
мякина,2
хелаты,2
эксперимент2020,2
болезни мрс,2
видео,2
полова,2
уралосибирская,2
болезнь крс,2
яблонная плодожорка,2
астровые,2
инвазии,2
доильный зал,2
припосевное,2
фермер,2
покупка сзр,2
нидерланды,2
голландия,2
спорынья,2
юпл,2
болезнь молочной железы,2
желтое тело,2
вымерзание,2
обливание водой,2
руно,2
техника,2
вода для коров,2
вьюнковые,2
африканер,2
кормовые дрожжи,2
болезни колоса,2
сушка зерна,2
сорго,2
конкурс,2
щелкун,2
пшеничный трипс,2
некроз,2
флуопирам,2
яловость,2
внесение удобрений,2
отпугивание мух,2
флаговый лист,2
пиренофороз,2
казахская белоголовая,2
злаковая тля,2
защита картофеля,2
клещи,2
русская комолая,2
подстилка,2
сульфонилмочевины,2
ассаф,2
извращенный аппетит,2
сердечно-сосудистая система,2
протоколы,2
опрос,2
русагротранс,2
обзор,2
болезнь сои,2
горькая ямчатость,2
племенная работа с породами,2
метеостанция,2
прессподборщик,2
хлебный жук,2
воспаление вымени,2
борьба с голубями,2
калькуляция себестоимости,2
куры,2
шерстная порода коз,2
стадии лактации,2
форма вымени,2
caseih,2
johndeere,2
рост,2
имидаклоприд,2
лямбда-цигалотрин,2
мульчирование,2
инокулянт,2
пастбищная система содержания,2
погода,2
пропионовая кислота,2
агрессивный скот,2
решета,2
ахмат,2
трансформация,2
рацион для дойных коз,2
желтая ржавчина,2
бурая листовая ржавчина,2
видео овцы,2
вл 77,2
мясо-молочно-шерстная порода овец,2
дойные козы,2
местные горные,2
выбраковка коров,2
гром,2
агалактия,2
авасси,2
каракульская,2
копытце,2
плесневение семян,2
пар,2
инкубационное яйцо,2
овечье молоко,2
семечковые,2
яровые,2
болезни покровов тела,2
программное обеспечение,2
кобальт животноводство,2
гомер,2
шерсть,2
рацион для телят,2
kws,2
квс рус,2
стартерный комбикорм,2
длиннотощехвостые,2
искусственное осеменение коз,2
ермак,2
инкубация,2
увядание яблок,2
девонская,2
язва подошвы,2
бесплодие,2
инкубатор,2
дезинфекция,2
клоп,2
эдильбаевская,2
склад,2
гнойно-катаральный мастит,2
мезоэлементы,2
апробация,2
анемия,2
растворный узел,2
куриное просо,2
аммиачная вода,2
водопотребление,2
диагноз,2
окучивание,2
proкачай сою,2
искусственное осеменение свиней,2
мясо птицы,2
трематоды,2
глубина посева,2
индейка,2
тебаз про,2
свекловичный жом,2
удаление навоза,2
древесная меласса,2
крупинка,2
осеменение свиней,2
парша,2
моль,2
тростниковая меласса,2
болезни растений,2
цестоды,2
злаковые,2
люцерна на корм,2
вита,2
стресс факторы,2
цитрусовая меласса,2
хряк,2
доза,2
сидеральный пар,2
вакцинация телят,2
тест на мастит,2
респираторные инфекции,2
экология,2
сернокислый калий,2
грабли,2
частично смешанный рацион,2
несушка,2
мясо-шерстная порода коз,2
утилизация навоза,2
нитроаммофоска,2
микроорганизмы,2
порода свиней,2
морковь,2
кетозы,2
флутриафол,2
защита вишни,2
защита черешни,2
карантин,2
зав,2
состав молока,2
вакула,2
иммунологическая кастрация,2
обрезка,2
кас 32,2
сортировка,2
фитоэкспертиза,2
дорсет,2
льговская 4,2
кишечник,2
сахара,2
раздельное комбайнирование,2
диаммофос,2
пельвиметрия,2
управление кормлением,2
тазовая полость,2
качество силоса,2
восточно-фризская,2
таз,2
кавказская порода овец,2
почвенная корка,2
грансостав,2
загар,2
опробковение яблок,2
ретардант,2
побурение мякоти,2
мучнистый распад,2
семя хряка,2
масляная кислота,2
уксусная кислота,2
тетания,2
воспроизводство свиней,2
индийская головня,2
побурение сердцевины,2
рс,2
кровеносные сосуды,2
прилипатель,2
элита,2
яровые культуры,2
коровы,2
деструктор,2
запуск коров,2
холостое доение,2
upl,2
заготовка сенажа,2
кианская,2
послед,2
трифлоксистробин,2
шланги для доения,2
болезнь птицы,2
цикадка,2
формалин,2
вредитель кукурузы,2
реконструкция,2
артрит,2
твердая пшеница,2
многоядные вредители,2
круча,2
одари,2
болезнь зерновых,2
стимуляторы роста,2
отзывы,1
внесение,1
азофоска,1
горчица белая,1
как выбрать,1
см-1,1
аллелопатия,1
выпойка молозива,1
скороспелая мясная,1
яснотка,1
раздельная уборка,1
темворс,1
перепелиное яйцо,1
молоко коз,1
тоггенбургская порода,1
кастрация телят,1
казахская,1
уржумская,1
горение зерна,1
саженцы,1
сеянцы,1
транспортировка,1
система обработки почвы,1
перепел,1
перепела,1
финский ландрас,1
посадочный материал,1
эмбриональная смертность,1
ацетон,1
конопля,1
муромская,1
открытый метод кастрации,1
вертикальная обработка,1
лютеиновые кисты,1
фолликулярные кисты,1
кисты,1
минеральные,1
болезни органов пищеварения,1
болезни обмена веществ,1
ацетоновые тела,1
эдельшвайн,1
лактационная кривая,1
короткоухая белая,1
русская верховая,1
неправильное доение,1
натрий хлор,1
кемеровская,1
последействие гербицидов,1
протравить,1
гвинейская,1
сульфат калия-магния,1
калимагнезия,1
украинская степная белая,1
техническая конопля,1
кулундинский тип,1
конференция,1
генетика,1
спарки,1
гусеницы,1
экспортные квоты,1
союз российских пивоваров,1
крахмал картофельный,1
башкортостан,1
гуматы,1
сервис,1
ремонт,1
сульфаты,1
алтайская мясная,1
агрокоптер,1
агробот,1
синхронизация охоты,1
выявление охоты,1
тара,1
ржавчина гороха,1
бурятская,1
субстрат,1
стратификация,1
каргалинский тип,1
кубанский тип,1
склероций,1
виноградник,1
листовые,1
салерская,1
цены на мясо,1
полевод,1
цивильская,1
телематика,1
полевые работы,1
выращивание рапса,1
сеникация,1
румынский сэддлбэк,1
почвенные гербициды,1
красная белопоясая,1
вредители рапса,1
цвартблес,1
меры борьбы,1
колосовский тип,1
квота на экспорт,1
экспорт сельхозпродукции,1
министерство сельского хозяйства,1
перегрузчик,1
жмых сезамовый,1
жмых кунжутный,1
вьюнок,1
многолетние травы,1
мейшан,1
перепеловодство,1
кислая среда,1
породы перепелов,1
красная степная,1
закрытый метод кастрации,1
молибдат аммония,1
осенняя обрезка,1
обрезка винограда,1
чипирование,1
таврирование,1
татуировка,1
браслеты,1
ушная бирка,1
ошейник,1
биркование,1
нитрат кобальта,1
перезимовка зерновых,1
сукозные козы,1
моцион коз,1
клевер александрийский,1
сельскоехозяйство,1
нитросульфат аммония,1
сульфонитрат аммония,1
мак,1
ландшвайн,1
немецкая вислоухая,1
длинноухая белая,1
помощь агроинженера,1
ответы на вопросы,1
дескурайния софии,1
лакомб,1
клевер египетский,1
оригинатор,1
тимпания,1
мотыга,1
первый бит,1
течение инфекционной болезни,1
парша яблони,1
горчица на зерно,1
пастереллез,1
алмаз,1
индейководство,1
общая профилактика инфекций,1
медоносная пчела,1
мечение,1
иммунный ответ,1
антигены,1
молочная железа,1
смешанная инфекция,1
голштинская порода,1
реинфекция,1
моноинфекция,1
инфекционный процесс,1
эпизоотия,1
спорадия,1
агромониторинг,1
savi,1
ndwi,1
вегетационный индекс,1
вредитель яблони,1
пинцгауэр,1
кальциевая селитра,1
вероника полевая,1
миргородская,1
pepsico,1
нера пармезан,1
история,1
жидкий аммиак,1
безводный аммиак,1
туклинская,1
уровень гормона прогестерона,1
сервис-период,1
узи,1
северокавказская мясошерстная,1
аммофосфат,1
воробейник,1
карбамид-аммиачная смесь,1
сексированное семя,1
прикорневая гниль,1
км-1,1
лечение телят,1
препараты для вакцинации,1
мангал,1
мангалица,1
лидеа,1
lidea,1
растения,1
завод,1
формирование винограда,1
неро ди парма,1
украинская степная пестрая,1
сортообновление,1
сибирская северная,1
подготовка к покою,1
осень,1
осенний период,1
белорусская черно-пестрая,1
анаплазмоз,1
сортосмена,1
дерматит пястного сустава,1
мокрецы,1
нитрат кальция,1
клевер,1
берсим,1
хранение посадочного материала,1
нитроаммофос,1
прикоп,1
прикапывание,1
выкопка,1
диагностика сукозности,1
сукозность,1
нитрат калия,1
калиевая селитра,1
латвийская белая,1
гангренозный мастит,1
хронический мастит,1
нитрофосфат,1
петкус,1
культиваторная лапа,1
малина,1
автоуправление,1
болезнь опорно-двигательной системы,1
иарс,1
атрофический ринит,1
рацион для сукозных коз,1
сукозный период,1
ярочка,1
ловушка для мух,1
туляремия,1
паразиты,1
овцы шароле,1
глюфосинат аммония,1
рапсовый стол,1
жом,1
дефицит цинка,1
паракератоз,1
уборочная техника,1
тау-флювалинат,1
адама,1
рапсовый цветоед,1
маврик,1
клейковина,1
пантера,1
селект,1
центурион,1
эволюшн,1
анестезия,1
наркоз,1
местная анестезия,1
учёт,1
американская стандартбредная,1
рысистые бега,1
содержание птиц,1
фосфогипс,1
зерно тритикале,1
кормовая свекла,1
клей для рапса,1
колошение,1
жёлтая ржавчина,1
листовые пятнистости,1
протиоконазол,1
потери,1
общая анестезия,1
мочевина кормовая,1
карбамид кормовой,1
длинарезки,1
молочнаяспелость,1
зооноз,1
медицина,1
сосуд,1
артерия,1
анатомия,1
противоядие,1
антидот,1
it-технологии,1
агромашина,1
американская рысистая,1
комбаин,1
сервисы,1
база знаний,1
двудольные растения,1
укосный подсолнечник,1
силос подсолнечниковый,1
фосфорное удобрение,1
horsch,1
антагонизм,1
локайская,1
хвощ,1
микстура,1
тепличный форум,1
микрофлора рубца,1
классическая чума свиней,1
триазол,1
ростовский тип,1
донской тип,1
северокавказская,1
длинножирнохвостые,1
потери урожая,1
крупная белая,1
слизни,1
диагностика суягности,1
суягность,1
молочная сыворотка,1
карбонатные,1
голландский ландрас,1
всхожесть семян,1
болезнь печени,1
состояние посевов,1
неро сицилиано,1
самоходный опрыскиватель,1
обработка,1
оракул коламин бор,1
оракул мультикомплекс,1
дол-агро,1
стимулятор роста,1
онлайн-магазин,1
природный очаг,1
болезнь лимфатической системы,1
фомопсис,1
камнеподборщик,1
типичный,1
оподзоленный,1
выщелоченный,1
выращивание телят,1
методы лечения,1
терапия,1
kompactomat,1
farmet,1
компактор,1
альтернариоз картофеля,1
беконный откорм свиней,1
американский рысак,1
ипподромные испытания,1
ливенская,1
птицы,1
африканский пигмей,1
семенной материал,1
очистка,1
правильное доение,1
мезенская,1
метконазол,1
вика озимая,1
бинарные посевы,1
крупная черная,1
лебеда,1
хранение пестицидов,1
уборка кукурузы,1
семена сои,1
оптимус,1
полиоэнцефаломаляция жвачных,1
кросс,1
яичный кросс,1
валлийская,1
уэльская,1
аборигенная порода,1
примитивная порода,1
порода,1
баранина,1
говядина,1
минэкономразвития,1
ягодные,1
овс,1
ежевика,1
троеборье,1
скотоводство,1
оценка упитанности,1
система оценки кондиции,1
рис,1
зерно риса,1
полтавская мясная,1
температура воды,1
примеси,1
щелочная среда,1
зимнее время,1
ганноверская,1
азотофосфат,1
перевозка,1
семиреченская,1
экономикарастениеводства,1
снимкисоспутников,1
электронныекартыполей,1
естественное осеменение,1
бельгийская шаговая лошадь,1
бельгийская тяжеловозная,1
брабансон,1
хлорид аммония,1
хлористый аммоний,1
литовская белая,1
ангельнская,1
каликинская,1
уборка подсолнечника,1
ягодоводство,1
гипс,1
телязии,1
анальное отверстие,1
стенка кишки,1
кишка,1
многолетнее корневищное,1
#пресс_подборщики,1
агроинжнер,1
спотлайт плюс,1
фмс,1
чистогорская,1
бодяк,1
датский ландрас,1
клопиралид,1
калийная соль глифосата,1
росагролизинг,1
сельскохозяйственная техника,1
углосним,1
ботва свеклы,1
ботва,1
#yugagro2021,1
кормление лактирующих коров,1
комбинированные сошники,1
анкерные сошники,1
дисковые сошники,1
иомудская,1
погодные условия,1
ветер,1
ворошилка,1
медь,1
учет потерь,1
сурепка обыкновенная,1
ободочная кишка,1
слепая кишка,1
подвздошная кишка,1
тощая кишка,1
двенадцатиперстная кишка,1
толстая кишка,1
тонкая кишка,1
валкообразователь,1
massey ferguson,1
метеостанции,1
удобрение плодовых,1
отвал,1
прямая кишка,1
телязиоз,1
гельминтоз,1
болезнь органов зрения,1
болезнь глаз,1
борьба с кротами,1
донская,1
обзор оборудования,1
осадки,1
прогноз,1
поилки,1
тарантез,1
калифорнийские черви,1
пружинная борона,1
повсходовое боронование,1
стеблевая головня,1
карликовая головня,1
твердая головня,1
стравливание,1
барзона,1
съем урожая,1
эндометрит,1
ограждение кормового стола,1
жмудская,1
жемайтская,1
шср,1
суперкилл,1
торег,1
альфаплан,1
амбар,1
камори,1
рыжик,1
roi,1
инвестиции,1
зеленая масса ржи,1
зеленая масса,1
классика,1
экспресс,1
зубовая борона,1
дисковая борона,1
содержание телят,1
куйбышевская,1
грибковая болезнь,1
стригущий лишай,1
трихофития,1
борная кислота,1
клеточное содержание,1
напольное содержание,1
родительское стадо,1
мясо индейки,1
водобоязнь,1
биотермическая яма,1
пирятинская яма,1
совместный посев,1
хедлоки,1
россельхозцентр,1
картофельный союз,1
зерно ржи,1
злаковые корма,1
безостая 1,1
контроль воспроизводства,1
контроль содержания,1
контроль кормления,1
диагональные решетки,1
шейный брус,1
жемайчу,1
микроволновая печь,1
биогумус,1
сухая пивная дробина,1
сельское хоязйство,1
стеблевая ржавчина,1
глостер,1
аналитика,1
правила продажи скота,1
продажа скота,1
контроль качества,1
пошлины,1
параплегия,1
энзоотическая атаксия,1
дефицит меди,1
сульфат аммония-натрия,1
вредная черепашка,1
аллергическая диагностика,1
чешская яма,1
глубокая подстилка,1
беккари яма,1
яровые зерновые,1
симптомы,1
овёс,1
профилактика мастита,1
системы питания,1
гербицидная обработка,1
аксиал,1
дерби 175,1
рассыпчатая пивная дробина,1
злаки,1
карликовая ржавчина,1
корончатая ржавчина,1
болезни дыхательной системы,1
сбор плодов,1
уборка яблок,1
айва,1
довсходовые,1
стрим,1
пропонит,1
копытная гниль,1
бура,1
триасульфурон,1
вьетнамская вислобрюхая,1
пена,1
миксоматоз,1
чернь колоса,1
кролики,1
кролиководство,1
безбоксовое,1
бокс,1
шайр,1
ставропольская порода овец,1
южноуральская порода овец,1
геморрагический кишечный синдром,1
зерно гороха,1
сенажирование,1
бимодальность,1
поверхностный ожог,1
пьемонт,1
витамин с,1
молочная кислота,1
орех,1
защита грецкого ореха,1
болезнь кожных покровов,1
идиосинкразия,1
сывороточная болезнь,1
анафилаксия,1
смушковые,1
акрон,1
тушинская,1
сено тимофеевки,1
тимофеевка,1
выход туши,1
убойная масса,1
мясная продуктивность,1
убойный выход,1
голодная тонина,1
качество шерсти,1
тонина,1
прогрейн,1
фацелия,1
синхронизация рубца,1
гибеллиноз,1
ризоктониоз,1
офиоболезная корневая гниль,1
церкоспореллез,1
тяжелое дыхание,1
мандалонг спешилс,1
болгарская белая молочная,1
провяливание кормов,1
отъем поросят,1
механическая очистка,1
гельминтозы,1
дорпер,1
профилактика абортов,1
опробковение,1
аборт,1
диагностика стельности,1
побочные продукты,1
вредители картофеля,1
валкование,1
восковая спелость,1
инородное тело,1
грецкий орех,1
молочная спелость,1
мастит коров,1
бифмастер,1
энтомология,1
альфа-циперметрин,1
псевдочума птиц,1
псевдоэнцефалит,1
болезнь ньюкасла,1
сульфат кобальта,1
пастеризация,1
караку,1
уборка  урожая,1
торийская,1
забайкальская порода овец,1
подкожная пятнистость,1
рационы,1
тельца бабеша-негри,1
гидрофобия,1
оракул семена,1
гиперергия,1
битал,1
пираклостробин,1
хламидиоз,1
русская тяжелоупряжная,1
русский тяжеловоз,1
пухлость яблок,1
томат,1
прогестерон,1
эстроген,1
печень,1
жировая дистрофия печени,1
ортофосфорная кислота,1
фосфорная кислота,1
жмых рапсовый,1
лимузинская,1
декорнуация,1
рог,1
стресс,1
декстер,1
красный плодовый клещ,1
болезнь всех видов животных,1
органы дыхания,1
болезнь ауески,1
люцерна животноводство,1
подготовка к отелу,1
увядание плодов,1
рацион для сухостоя,1
налив,1
азотное удобрение,1
генеалогическая линия,1
заводская линия,1
линия,1
дыхание,1
дыхательная система,1
заготовка сена,1
физиология животных,1
дисбактериоз,1
расстройства пищеварения,1
органы пищеварения,1
зерно пшеницы,1
грибные болезни,1
пириметанил,1
луна транквилити,1
защита винограда,1
выращивание сои,1
республика башкортостан,1
гранулированная пивная дробина,1
свежая пивная дробина,1
арабская,1
анатоксин,1
советская тяжелоупряжная,1
абсолютный прирост,1
бенгальская черная,1
метод дезориентации,1
спф,1
синтетические половые феромоны,1
феромоны,1
telegram-бот,1
раздача кормов,1
оборудование,1
племенная ферма,1
товарная ферма,1
свекла кормовая,1
инъекция,1
рысь,1
дрессура,1
галоп,1
шаг,1
иноходь,1
пододерматит,1
иммунопрофилактика,1
энзоотия,1
абсцесс,1
вена,1
депонирование,1
советский тяжеловоз,1
день экологического образования,1
обмен веществ,1
зцм для поросят,1
выводной шкаф,1
вода для свиней,1
поилки для свиней,1
ускорение развития,1
цитокинин,1
ауксин,1
гиббереллин,1
бессемянность,1
семенные сорта винограда,1
триплекс,1
сено клеверное,1
подкорм поросят,1
каннибализм,1
кормовая смесь,1
тандемный доильный зал,1
аулиетинская,1
нерегулярное плодоношение,1
регулирование плодоношения,1
регулирование нагрузки плодами,1
регулирование завязей,1
регулирование цветков,1
пневмоход,1
авиация,1
сульфат цинка,1
иммуносыворотка,1
иммунизация,1
андийская,1
относительный прирост,1
отравление аммиаком,1
скороспелость,1
инфантилизм,1
эвито т,1
специфическая профилактика инфекций,1
противоэпизоотическая работа,1
защита подсолнечника,1
групповое содержание коз,1
хакасский тип,1
приангарский тип,1
учумский тип,1
красноярская порода овец,1
мелкокосточковые,1
лактоза,1
электропроводность молока,1
термоустойчивость молока,1
сенаж люцерны,1
пенициллин,1
стрептомицин,1
фурункулез,1
учхоз,1
кохейлан-сиглави,1
хадбан,1
кохейлан,1
сиглави,1
переваримость,1
коэффициент переваримости,1
протеиновое отношение,1
онтогенез,1
предвестники,1
эмбрионализм,1
неотения,1
глазомерная оценка,1
индексы телосложения,1
промеры,1
стати,1
экстерьер,1
постэмбриональный период,1
эмбриональный период,1
развитие,1
гибридизация,1
акклиматизация,1
инбридинг,1
инбредная депрессия,1
разведение,1
семейство,1
адаптация,1
малокровие,1
скрещивание,1
гетерозис,1
состав кормов,1
кормовое средство,1
конституция,1
цыпленок,1
воспроизводство овец,1
яйценоскость,1
анатолийская черная,1
разведение овец,1
басф,1
рацион ягнят,1
микроклимат для ягнят,1
русский рысак,1
ягнята,1
дамасская,1
шами,1
шмель,1
земляной шмель,1
плодово-ягодные,1
молибден,1
силос картофельный,1
загонный выпас,1
моцион,1
электропастух,1
электропастух для овец,1
содержание овец,1
кормление ягнят,1
лонгхорн,1
сосуньи,1
рн-коррекция,1
спк,1
несовместимость,1
привойно-подвойная комбинация,1
ёмкости для опрыскивания,1
терская,1
хлористый кобальт,1
автополив,1
перчатки для доярок,1
программа,1
брюква,1
щетки-чесалки,1
стойловое содержание,1
щирица запрокинутая,1
выращивание картофеля,1
питательная ценность силоса,1
качество кормов,1
кукуруза бондюэль,1
спекл парк,1
капельный полив,1
лептоспироз,1
влажность почвы,1
инан,1
болезни крови,1
дезинсекция,1
бешенство,1
инкубирование,1
интерьер,1
русская рысистая,1
плод грецкий орех,1
плод лесной орех,1
экспресс голд,1
сорто-подвойная комбинация,1
подвой,1
клетодим,1
сальмонеллез крс,1
жмых льняной,1
озимая,1
межмышечный абсцесс,1
сумиагро,1
кузнецкая,1
лизинговая программа,1
клиренс,1
инсектицидный протравитель,1
кжп,1
кровь,1
кровяная мука,1
сальмонеллез,1
аппенцелльская порода,1
иерархия коров,1
диас,1
спиннер,1
кислотность рубца,1
тракененская,1
черноземы обыкновенные,1
фенофазы яблони,1
розовый бутон,1
обособление бутонов,1
ахалтекинская,1
кормовая добавка,1
плодовые почки,1
agco,1
галоксифоп-р-метил,1
венгерская серая,1
феноксапроп-п-этил,1
скрепер,1
выпадение влагалища,1
влагалище,1
зерно россии,1
онлайн-форум,1
oxbo,1
kuhn,1
roc,1
период лактации,1
рацион молочных коров,1
туберкулез,1
fendt,1
магний азотнокислый,1
планирование урожая,1
периодичность плодоношения,1
плодоношение,1
косточковые,1
истощение коров,1
серосодержащие удобрение,1
вольный выпас,1
комбинированное содержание,1
сибирская язва,1
марганец сернокислый,1
жку 11:37,1
влагоемкость,1
клеппер,1
корневые выделения,1
партеногенез,1
фуза,1
колос,1
предельно допустимая концентрация,1
синергизм пестицидов,1
удобрение соломой,1
густота стояния,1
дефолианты,1
мицелий,1
зерновка,1
пдк,1
страховый гербицид,1
инсоляция,1
континентальный климат,1
фураж,1
почвенные микроорганизмы,1
норма удобрений,1
доза удобрений,1
гипопус,1
фуражное зерно,1
выравнивание почвы,1
выщелачивание,1
бурт,1
влажность зерна,1
череззерница,1
агроэкологический мониторинг,1
микотоксины,1
лигула,1
основное внесение,1
кастрация поросят,1
изменение технологии выращивания,1
грунтовые воды,1
розетка,1
дон 93,1
оподзоливание,1
каустическая сода,1
ингибитор синтеза хитина,1
устойчивость,1
устойчивость сортов к болезням,1
сапротрофы,1
основное внесение удобрений,1
конидии,1
известкование,1
гипокотиль,1
биологический вынос,1
сушка,1
системный пестицид,1
контактный пестицид,1
контактный,1
контактно-кишечный инсектицид,1
контактно-кишечный,1
кишечный инсектицид,1
кислотность,1
дикотицид,1
гашеная известь,1
резвость,1
пьявица красногрудая,1
duport,1
хлорелла,1
бвмд,1
селекционно-племенная работа,1
белково-витаминно-минеральная добавка,1
добавка,1
скорость движения,1
на силос,1
сернокислый аммоний,1
kverneland,1
фсг,1
liquiliser,1
лебединская,1
монофосфат калия,1
деларо,1
групповой бокс,1
отек вымени,1
щелевые полы,1
сибирь,1
юбилейный,1
хантер,1
герос,1
на полу,1
групповые станки,1
чистокровная верховая,1
предпосевная культивация,1
уаи,1
азотныеудобрения,1
симбиоз,1
хлороз,1
энтомофаг,1
муссонный климат,1
фитогормоны,1
фзотфиксация,1
азотфиксация,1
азотфиксаторы,1
тип роста сои,1
хлорофилл,1
тип роста,1
корневые клубеньки,1
способы посева,1
нитрофураны,1
сорт пшеницы,1
разновидности пшеницы,1
яровизация,1
зерноуборочный комбайн,1
придонская,1
оксфорд даун,1
сфера макс,1
владимирская,1
владимирский тяжеловоз,1
тетрациклины,1
аминогликозиды,1
ячменная шведская муха,1
семядоли,1
семенной фонд,1
корневище,1
споры,1
зимница,1
курень,1
стать,1
собербаш,1
маркиз,1
липецкая звезда,1
корона,1
иридас,1
калым,1
донмира,1
вестница,1
вершина,1
везелка,1
бунчук,1
булгун,1
лебедь,1
вид,1
транспирация,1
эрозия,1
диапауза,1
богородский тип,1
барыбинский тип,1
бессоновский тип,1
грация,1
алая заря,1
аэлита,1
астарта,1
бодрый,1
ципроконазол,1
бирюза,1
мальцев,1
азотное питание,1
интернет вещей,1
цецеце,1
полегание,1
стеблестой,1
кущение,1
почвозащитное земледелие,1
богданка,1
боярыня,1
арсенал,1
этюд,1
черноземка 130,1
фелиция,1
стрг 8060 15,1
августа,1
авеста,1
дмитрий,1
аксинья,1
альмера,1
антонивка,1
ариадна,1
восторг,1
виза,1
хлебная блошка,1
зерноградка 11,1
зародыш,1
чашка петри,1
перитеций,1
эндосперм,1
вегетативный орган,1
мышь полевая,1
аск,1
побег,1
зерносмесь,1
белая гниль,1
канатник теофраста,1
рейтинг,1
агрофон,1
московская 56,1
сепарирование зерна,1
гессенская муха,1
стебель,1
обмолот,1
патоген,1
штамм,1
ростовчанка 7,1
восковой налет,1
метелка,1
почвообразование,1
увядание,1
делянка,1
однолетние растения,1
спелость почвы,1
режим почв,1
тяжелые металлы,1
уруп,1
московская 39,1
ликомера,1
тризо,1
алтайская 75,1
уралосибирская 2,1
новосибирская 29,1
сила,1
фитонциды,1
хлебный жук-кузька,1
вятский тип,1
дон 95,1
донская безостая,1
вологодский тип,1
донской маяк,1
донщина,1
капризуля,1
станичная,1
танаис,1
боевчанка,1
новосибирская 31,1
донской сюрприз,1
английская верховая,1
скачки,1
тербутилазин,1
пикус,1
мастит овец,1
подсолнечниковый силос,1
черноземы выщелоченные,1
повышение удоев,1
обжигание вымени,1
доильный стакан,1
тяжелый доильный стакан,1
легкий доильный стакан,1
коллекторы для доильных аппаратов,1
стимуляция вымни,1
выращивание козлят,1
молодняк коз,1
тренд 90,1
бахчевые,1
субсидии животноводство,1
фазы пульсации,1
якутская,1
пневмония,1
поле,1
агрометеостанция,1
силос из ботвы свеклы,1
засоленность воды,1
импакт эксклюзив,1
карбендазим,1
карбонат аммония,1
цианамид кальция,1
сухое обезжиренное молоко,1
сом,1
пролежни,1
кормление нетелей,1
рацион для нетелей,1
ташлинская,1
квадрокоптер,1
донник,1
траткор,1
донник на семена,1
выпойка козлят,1
сухой рацион,1
местные,1
германия,1
сенаж силос,1
биофунгицид,1
разведение коз,1
кулундинская мясная,1
срез силоса,1
истобенская,1
глубина посадки,1
контагиозная эктима,1
жидкие комплексные удобрения,1
ярвет,1
паста для обезроживания,1
паста безрогофф,1
тифенсульфурон-метил,1
винцит форте,1
бронхит,1
эстральный цикл,1
фитотоксичность,1
сульфат калия,1
семя быка,1
серые лесные,1
бычки,1
короткожирнохвостые,1
стадо,1
авитаминоз,1
корова сосет молоко,1
тандем,1
сырой протеин,1
травы,1
пастбище,1
хлор,1
натрий,1
поросята,1
западно-сибирская мясная порода,1
бетаин,1
мука мясо-костная,1
азот животноводство,1
поилка,1
«черная» каучуковая сосковая резина,1
силиконовая сосковая резина,1
обморожение соска,1
сальская,1
вакуумная труба,1
калий хлористый,1
мен-анжу,1
калий сернокислый,1
пересев,1
корнеплоды,1
элементы питания,1
микроэлементы козы,1
ослиная ферма,1
дагестанская пуховая,1
навеска,1
карбоаммофоска,1
буйволиная ферма,1
инфекционный ринотрахеит,1
трехточка,1
мини-тилл,1
калийная соль,1
кико,1
меди-висна,1
лентивирусные инфекции,1
оспа,1
родословная,1
биофунгициды,1
молочные козлята,1
подсев,1
весенняя обрезка,1
система удобрения,1
молочный период козлят,1
аграрный вопрос,1
холодный метод,1
органическое сельское хозяйство,1
ноутилл,1
нулеваятехнология,1
бега,1
орловский рысак,1
выбор породы коров,1
люцерна на семена,1
блютанг,1
передвижные ванны,1
сухие ванны,1
стационарные ванны,1
нодулярный дерматит,1
даф,1
условия содержания,1
дезинфицирующие препараты,1
предпосевная обработка,1
лядвенец,1
приобский тип,1
красноярский тип,1
прибайкальский тип,1
ирменский тип,1
сибирячка,1
орловская рысистая,1
колодки,1
gaspardo,1
агродрон,1
домики из дерева,1
домики из пластика,1
ндк,1
мессе франкфурт рус,1
корова лягается,1
минералы,1
течка,1
эстральная синхронизация,1
микрофлора,1
микробиом,1
семенные посевы,1
боксы для телят,1
mtr8,1
matermacc,1
ликвилайзер,1
соевый жмых,1
уреаза,1
жиры,1
ретикулит,1
нигерийская карликовая,1
лежанка,1
резиновое покрытие,1
кдк,1
асти групп,1
качество семян,1
коровье бешенство,1
метафосфат калия,1
церкоспореллёз,1
прикорневые гнили,1
картофельный силос,1
южная мясная,1
жидкие удобрения,1
компостирование,1
видео козоводство,1
гранулемы,1
актиномикоз,1
диаммофоска,1
подгон скота,1
зеленые корма,1
растяжение связок,1
трава,1
сорго на силос,1
луг,1
водный аммиак,1
система удобрения картофеля,1
пивот,1
рацион овец,1
оценка здоровья телят,1
вирус шмалленберг,1
нитрат натрия,1
микоплазмоз,1
натриевая селитра,1
изменение климата,1
защита окружающей среды,1
парниковый эффект,1
метан,1
алатауская,1
производство молока,1
потребность овец,1
экссудат,1
свиной навоз,1
рапсовый шрот,1
ферментация навоза,1
жидкий навоз,1
элеватор,1
грыжа,1
советская порода коз,1
шрот хлопковый,1
соя животноводство,1
хирургия,1
нитрофоска,1
скрепи,1
красная эстонская,1
системы орошения,1
агролига россии,1
кавказская бурая,1
жесткость,1
трава луговая,1
трава естественных лугов,1
сорго на зерно,1
hege,1
красная тамбовская,1
ноктин,1
niklas,1
клен,1
триходерма,1
пропиконазол,1
с-металохлор,1
эстонский клеппер,1
фокус,1
краса дона,1
ярославская,1
михайловский тип,1
внекорневая,1
септориоз подсолнечника,1
первица,1
памяти федина,1
отан,1
закрытые танки,1
охлаждение молока,1
танк-охладитель,1
очесывающая жатка,1
сумико,1
желтая пятнистость,1
листовертка,1
аскет,1
церкоспороз,1
свиньи на откорме,1
альпийская порода,1
вредитель рапса,1
пируж,1
обрак,1
корнеед,1
зерноградка 9,1
галловейская,1
эгилопс,1
альтернариоз подсолнечника,1
ржавчина подсолнечника,1
вредитель зерновых культур,1
хлебороб,1
калмыцкая овца,1
аквитанская,1
хлеб в кормлении свиней,1
бурсит,1
кашемировая,1
маркиджанская,1
галлицы,1
щирица,1
хайленд,1
дон 105,1
овсяная нематода,1
болезни органов дыхания,1
зерноток,1
дыхание почвы,1
ульяновская область,1
почвенная влага,1
комплексные аммофос,1
уллубий,1
трудяга,1
тихон,1
тит,1
савва,1
тимур,1
исмена,1
паустиан,1
guttler,1
сурен,1
обская озимая,1
ес белла,1
двуручка,1
зерно бобовых,1
видео болезнь,1
болезни птиц,1
повилика,1
мцпа,1
васса,1
сера животноводство,1
романовская,1
ростовчанка 5,1
акапелла,1
альтернатива,1
анастасия,1
армада,1
виктория 11,1
виктория 95,1
вредитель картофеля,1
ес генезис,1
ес изида,1
ес розалия,1
жмых подсолнечный,1
омгау 100,1
всходы,1
оренбургская 105,1
омская озимая,1
омская 5,1
юбилейная 100,1
чарльз,1
отёл,1
открытые танки,1
электронные карты полей,1
снимки со спутников,1
дурнишник обыкновенный,1
яровое позднее,1
фомоз,1
п 7709,1
ложная мучнистая роса,1
параллельное вождение,1
просо куриное,1
омская 4,1
ндви,1
хлебный пилильщик,1
для получения мяса,1
альбумины,1
глобулины,1
проламины,1
септориз,1
денитрификация,1
торрилд,1
одесская 200,1
олимп,1
пиретроид,1
пионерская 32,1
прикумская 140,1
былина дона,1
тепловой стресс у свиней,1
солнечный свет,1
слезотечение у коров,1
реализация продукции,1
баритон супер,1
баритон,1
precision planting,1
ячмень пивоваренный,1
украинская верховая,1
седаксан,1
вайбранс,1
флудиоксонил,1
половой цикл,1
полынь,1
редиго про,1
кровососущие насекомые,1
лютик,1
литовская тяжелоупряжная,1
сепсис,1
септицемия,1
горчак ползучий,1
рацион для дойных коров,1
пищевая ценность,1
показатели зерна,1
приложение,1
овес яровой,1
дифеноконазол,1
ипродион,1
зск,1
эстонская порода лошадей,1
рсм2375,1
к742,1
чернь,1
беркшир,1
корневищные,1
карбамид животноводство,1
белорусская упряжная,1
техникадляуборкиурожая,1
степень насыщенности основаниями,1
оборудованиедляпереработкиихранениязерна,1
зерносушилка,1
dmc,1
кчс,1
польско-китайская,1
литовский тяжеловоз,1
каток,1
фосфаты,1
бордер лейстер,1
инсекто-фунгицидный протравитель,1
потравитель,1
сценик комби,1
барда картофельная,1
барда,1
окулировка в приклад,1
окулировка щитком,1
прививка за кору,1
писанка,1
озимая твердая пшеница,1
полба,1
цефей,1
секлетия,1
паритет,1
жаворонок,1
еланская,1
донская степь,1
вьюга,1
вольный дон,1
вольница,1
поволжская 86,1
янтара,1
поволжская нива,1
подарок дону,1
подолянка,1
поэма,1
однолетние,1
прииртышская,1
росинка тарасовская,1
саратовская 90,1
сварог,1
северодонецкая юбилейная,1
сибирская нива,1
яровая твердая пшеница,1
здрава,1
окулировка,1
удушение сорняков,1
садовый инструмент,1
цитогумат,1
параплау,1
норма высева озимой пшеницы,1
жизнеспособность семян,1
вирусные болезни,1
оригинал,1
дженерик,1
препарат,1
бобовый сорняк,1
ветеринарный инструментарий,1
истощение сорняков,1
триада,1
удушение,1
истощение,1
иберийская,1
свищ,1
септикопиемия,1
пиемия,1
зеленый конус,1
итальянский прус,1
вымочки,1
аскохитоз,1
ярина,1
посевы,1
механизатор,1
флуазифоп-п-бутил,1
московская 40,1
абиотический фактор,1
корневая подкормка,1
минеральное удобрение,1
основное удобрение,1
зяблевая вспашка,1
суглинки,1
эпифитотия,1
имаго,1
фумигант,1
овицид,1
минирование,1
губернатор дона,1
безенчукская 380,1
есаул,1
старшина,1
этнос,1
юмпа,1
водорастворимый порошок,1
немчиновская 57,1
тимирязевка 150,1
бактерицид,1
куколка,1
летальная доза,1
личинка,1
мина,1
водная эмульсия,1
водно-диспергируемые гранулы,1
водно-суспензионный концентрат,1
подсолнечное масло,1
ес аркадия су,1
ес констеланс,1
дельфин,1
листериоз,1
беломышечная болезнь,1
горьковская,1
черемуховая тля,1
освещение,1
рожа свиней,1
страхование,1
болезнь мрс,1
паслен трехцветковый,1
водный раствор,1
яровой однолетник,1
меромиза хлебная,1
борьба с грызунами,1
дератизация,1
кубань,1
совэкон,1
лабораторный эксперимент,1
деспина,1
тифулез,1
водорастворимый концентрат,1
водорастворимые гранулы,1
хлебная жужелица,1
избирательный гербицид,1
отгрузка корма,1
колеоптиль,1
трансламинарный эффект,1
фумигация,1
фосфоритование,1
внутристеблевые мухи,1
ес командор,1
бельмондо,1
нк неома,1
белгородская 16,1
башкирская 10,1
батько,1
баир,1
базис,1
багира,1
испания,1
комбикорм,1
сыроварение,1
производство сыра,1
сыр,1
нитрификация,1
качество,1
долина лефкадия,1
порода лакон,1
бодяк полевой,1
посевной комплекс,1
болезни ячменя,1
полифагия,1
органолептический способ,1
нимфа,1
липкость,1
корень,1
уплотнение,1
уплотнение почвы,1
трихограмма,1
температура прорастания,1
пористость почвы,1
пористость,1
плотность почвы,1
плотность,1
плодородие,1
липоксть почвы,1
инкрустация семян,1
микроэмульсия,1
инкрустация,1
выпревание,1
выпревание растений,1
гипсование,1
плесневение,1
ретарданты,1
сплошной гербицид,1
концентрат суспензии,1
концентрат эмульсии,1
линька,1
вегетационный период,1
буубэй,1
саммит,1
люцерна под покров,1
болезни мочеполовой системы самок,1
пшеница мягкая,1
привязный,1
солома,1
качество свинины,1
фасоль,1
шведиш ред,1
пшеница твердая,1
кислые соли,1
катион,1
анион катионный баланс,1
рентабельность коровы,1
семя козлов,1
рсм,1
бруцеллез,1
анион,1
тюки,1
сычевская,1
болезнь кур,1
болезнь поросят,1
рахит,1
гиповитаминоз,1
гранни,1
оборудование для переработки и хранения зерна,1
пневмопогрузчик,1
болезнь марека,1
неинфекционная болезнь,1
незаразная болезнь,1
poettinger,1
содержания,1
миксер,1
dji,1
коптер,1
agros,1
частота кормораздачи,1
агинская,1
ремонтные поросята,1
ремонтные свинки,1
суксунская,1
fliegl,1
полимерный рукав,1
падалица подсолнечника,1
рыбная мука,1
дизентерия,1
ес новамис сл,1
красно-пестрая,1
барбари,1
озимая тритикале,1
ес астероид,1
горно-алтайская,1
ес фарадей,1
ес сирриус,1
парвовирус,1
пвси,1
катумская,1
рацион для герефордов,1
ес график сл,1
покровная культура,1
барс,1
ирбис,1
руменит,1
парус,1
олимпия,1
селена,1
славия,1
оренбургская,1
саратовская 17,1
система прослеживаемости зерна,1
чара,1
мясо-сальная порода овец,1
вагю,1
гиссарская,1
купирование хвостов,1
хвост,1
ес петуниа,1
синтетические ауксины,1
ес агора,1
ес регата,1
красная горбатовская,1
ес савана,1
ес аргентик,1
ес янис,1
зара,1
плотность молока,1
ес романтик,1
средства после доения,1
ес дольчевита,1
гиперкератоз,1
прямой сев,1
росгидромет,1
эксплоер,1
гипогликемия,1
апк,1
субклинический ацидоз,1
агровопрос,1
селяка,1
элитные семена,1
средства до доения,1
сомо,1
дипы,1
гибриды кукурузы,1
дкс 3730,1
дкс 4178,1
дкс 4541,1
дкс 5075,1
дкс 5190,1
агросовет,1
сорта,1
срок посева,1
законопроект,1
софт,1
