index,TagName
0,agco
1,agros
2,amazone
3,aqualis
4,bayer
5,dji
6,duport
7,euralis
8,farmet
9,fendt
10,fmc
11,fmc
12,сельскоехозяйство
13,gaspardo
14,gps
15,guttler
16,hege
17,horsch
18,iffa
19,it-технологии
20,johndeere
21,kuhn
22,kverneland
23,kws
24,lidea
25,liquiliser
26,massey ferguson
27,mtr8
28,ndvi
29,ndwi
30,niklas
31,no-till
32,pgf2α
33,proagrotalk
34,proкачай сою
35,roc
36,savi
37,sumiagro
38,syngenta
39,unifer
40,upl
41,yugagro
42,«пищевые технологии»
43,«черная» каучуковая сосковая резина
44,абердин-ангусская
45,аборт
46,абрикос
47,абсолютный прирост
48,авасси
49,августа
50,авеста
51,авиация
52,авитаминоз
53,автоматизация
54,автоуправление
55,агалактия
56,аграрный вопрос
57,агрессивный скот
58,агро
59,агробот
60,агродрон
61,агроинженер
62,агролига россии
63,агромашина
64,агрометеостанция
65,агроновости
66,агрономия
67,агропедия
68,агросигнал
69,агротехника
70,агрохимический анализ почв
71,агрохимия
72,агроэкологический мониторинг
73,адама
74,адаптация
75,адель
76,азоксистробин
77,азот
78,азотное питание
79,азотные удобрения
80,азотныеудобрения
81,азотфиксация
82,азофоска
83,айва
84,айрширская
85,акапелла
86,акарицид
87,акарициды
88,акклиматизация
89,аксиал
90,аксинья
91,актиномикоз
92,акушерство
93,алая заря
94,алексеич
95,аллерген
96,аллергическая реакция
97,аллергия
98,аллюр
99,алмаз
100,алтайская 75
101,алтайская порода овец
102,альбина
103,альбумины
104,альмера
105,альпийская
106,альпийская порода
107,альтернариоз
108,альтернариоз картофеля
109,альтернатива
110,альфа-циперметрин
111,альфаплан
112,амброзия
113,американская рысистая
114,американская стандартбредная
115,американский рысак
116,амидный азот
117,аминогликозиды
118,аминокислоты
119,аммиак
120,аммиачная вода
121,аммиачная селитра
122,аммонийный азот
123,аммофос
124,анализ
125,анализ
126,анальное отверстие
127,анастасия
128,анатоксин
129,анатомия
130,анатомия животных
131,анафилаксия
132,английская верховая
133,ангорская
134,анемия
135,анестезия
136,анион
137,анион катионный баланс
138,анка
139,анкерные сошники
140,антибиотики
141,антигены
142,антидот
143,антонивка
144,антонина
145,антропозооноз
146,апробация
147,арабская
148,ариадна
149,армада
150,арсенал
151,артерия
152,артрит
153,асканийская
154,аскет
155,аскохитоз
156,ассаф
157,астарта
158,асти групп
159,астровые
160,атрофический ринит
161,ауксин
162,ахалтекинская
163,ахмат
164,ацетамиприд
165,ацетон
166,ацетонемия
167,ацидоз
168,аэлита
169,багира
170,баграт
171,база знаний
172,базальт
173,базис
174,баир
175,байер
176,баковая смесь
177,бактерии
178,бактериоз
179,баранина
180,барда
181,барзона
182,баритон
183,барс
184,барыбинский тип
185,батько
186,башкирская 10
187,бвмд
188,безбоксовое
189,безводный аммиак
190,безенчукская 380
191,безостая 1
192,безостая 100
193,беккари яма
194,беконная порода свиней
195,белая гниль
196,белгородская 16
197,белково-витаминно-минеральная добавка
198,белок
199,бельгийская голубая
200,бельгийская тяжеловозная
201,бельмондо
202,бензимидазолы
203,беременность
204,беспривязный
205,бессемянность
206,бессоновский тип
207,бестужевская
208,бешенство
209,бинарные посевы
210,биогумус
211,биотермическая яма
212,биофунгицид
213,биркование
214,бирюза
215,бис
216,биурет
217,бобовые
218,богданка
219,богородский тип
220,бодрый
221,бодяк
222,бодяк полевой
223,боевчанка
224,бокс
225,боксы для телят
226,болезни
227,болезни жвачных
228,болезни зерновых
229,болезни картофеля
230,болезни коз
231,болезни колоса
232,болезни конечностей
233,болезни копыт
234,болезни копытец
235,болезни коров
236,болезни крови
237,болезни лошадей
238,болезни молодняка
239,болезни молочной железы
240,болезни мочеполовой системы самок
241,болезни мрс
242,болезни новотельного периода
243,болезни обмена веществ
244,болезни овец
245,болезни органов пищеварения
246,болезни печени
247,болезни подсолнечника
248,болезни покровов тела
249,болезни пшеницы
250,болезни растений
251,болезни свиней
252,болезни телят
253,болезни ягнят
254,болезнь
255,болезнь ауески
256,болезнь глаз
257,болезнь дыхательной системы
258,болезнь зерновых
259,болезнь кожных покровов
260,болезнь крс
261,болезнь кукурузы
262,болезнь кур
263,болезнь лимфатической системы
264,болезнь лошадей
265,болезнь молодняка
266,болезнь молочной железы
267,болезнь мортелларо
268,болезнь мочеполовой системы
269,болезнь мрс
270,болезнь неонатального периода
271,болезнь нервной системы
272,болезнь ньюкасла
273,болезнь обмена веществ
274,болезнь органов зрения
275,болезнь печени
276,болезнь пищеварительной системы
277,болезнь плодов
278,болезнь покровов тела
279,болезнь поросят
280,болезнь птицы
281,болезнь растений
282,болезнь свеклы
283,болезнь свиней
284,болезнь системы крови
285,болезнь сои
286,болезнь хранения
287,болезнь цнс
288,оборона
289,боронование
290,борьба с голубями
291,борьба с грызунами
292,ботва
293,боярыня
294,брабансон
295,браман
296,браслеты
297,бройлер
298,бронхит
299,булгун
300,бунчук
301,бурая листовая ржавчина
302,бурская
303,бык
304,бык-производитель
305,былина дона
306,вайбранс
307,вакула
308,вакцина
309,вакцинация
310,вакцинация телят
311,валкование
312,ваня
313,васса
314,вебинар
315,вегетационный индекс
316,ведро с соской
317,везелка
318,велена
319,вентиляция
320,вероника полевая
321,вертикальная
322,верхово-упряжные
323,верховые
324,вершина
325,вестница
326,ветер
327,ветеринария
328,ветеринарные препараты
329,веха
330,вид
331,видео
332,видео болезнь
333,видео вредитель
334,видео овцы
335,видея
336,виза
337,вика
338,виктория 11
339,виктория 95
340,виноград
341,виноградарство
342,виноградник
343,винцит форте
344,вирус
345,вирусная инфекция
346,вита
347,витамин а
348,витамин д
349,витамин е
350,витамин к
351,витаминная добавка
352,витамины
353,вишня
354,вл 77
355,влагалище
356,владимирская
357,влажность зерна
358,влажность кормов
359,влажность почвы
360,влажность семян
361,влажные корма
362,внекорневая
363,внекорневая подкормка
364,внекорневое
365,внесение
366,внесение удобрений
367,внутристеблевые мухи
368,вода для коров
369,водная эмульсия
370,водобоязнь
371,водопотребление
372,возбудитель
373,вологодский тип
374,вольница
375,вольный дон
376,воробейник
377,ворошилка
378,восковая спелость
379,восковой налет
380,воспаление вымени
381,воспроизводство
382,воспроизводство коз
383,воспроизводство свиней
384,восторг
385,восточно-фризская
386,вредитель
387,вредитель зерновых культур
388,вредитель картофеля
389,вредитель кукурузы
390,вредитель рапса
391,вредная черепашка
392,вспашка
393,всходы
394,вуксал
395,выбраковка коров
396,выводной шкаф
397,выгульное
398,выездка
399,выкопка
400,вымерзание
401,вымя
402,вынос
403,вынос элементов питания
404,выпахивание
405,выпревание растений
406,выращивание картофеля
407,выращивание козлят
408,выращивание ремонтного молодняка
409,высокопродуктивные
410,выставка
411,выход туши
412,выщелоченный
413,выявление охоты
414,вьюга
415,вьюнковые
416,вьюнок
417,вьюнок полевой
418,галлицы
419,галловейская
420,галоксифоп-р-метил
421,гельминтоз
422,гельминтоспориоз
423,гельминты
424,гемпшир
425,генетика
426,гербицид
427,гербицидная обработка
428,гербициды
429,герда
430,герефордская
431,германия
432,герметизация кормов
433,гернсийская
434,герос
435,гессенская муха
436,гетерозис
437,гиббереллин
438,гибеллиноз
439,гибрид
440,гигиена
441,гидрофобия
442,гиповитаминоз
443,гипокальциемия
444,глифосат
445,глобулины
446,глубина посева
447,глубокорыхлитель
448,глюфосинат аммония
449,гниль
450,гнойно-катаральный мастит
451,говядина
452,голландия
453,голодная тонина
454,голодная ямка
455,голубомордый лейстер
456,голштинская
457,голштинская порода
458,гомер
459,горец
460,горец вьюнковый
461,гормональная стимуляция
462,горно-алтайская
463,горох
464,горчак ползучий
465,горчица
466,горькая ямчатость
467,грабли
468,градация
469,градация почв
470,граминицид
471,гранстармега
472,гранулемы
473,гранулированная пивная дробина
474,граф
475,грация
476,грецкий орех
477,гречиха
478,грибные заболевания
479,грозненская
480,гром
481,грубошерстные
482,грубые корма
483,группировка скота
484,групповой бокс
485,групповые станки
486,груша
487,грыжа
488,грызуны
489,губернатор дона
490,гуматы
491,гумус
492,гурт
493,гусеницы
494,двенадцатиперстная кишка
495,двудольные сорняки
496,двудольный
497,двулетние
498,девонская
499,дегельминтизация
500,дезинсекция
501,дезинфекция
502,деларо
503,дельфин
504,день поля
505,день экологического образования
506,дерби 175
507,дерново-подзолистые
508,десикант
509,десикация
510,дескурайния софии
511,деспина
512,деструктор
513,дефицит меди
514,дженерик
515,джерсейская
516,диагностика
517,диаммофос
518,диарея
519,диарея телят
520,дизентерия
521,дикамба
522,дикват
523,дикотицид
524,дипы
525,дискатор
526,дискование
527,дисковая борона
528,дисковые сошники
529,дистрофия печени
530,дифеноконазол
531,дкс 3730
532,дкс 4178
533,дкс 4541
534,дкс 5075
535,дкс 5190
536,длиннотощехвостые
537,длинноухая белая
538,для получения мяса
539,дмитрий
540,доброкачественность
541,доение
542,доение видео
543,доение коз
544,доение овец
545,доза
546,доильная установка
547,доильное оборудование
548,доильный аппарат
549,доильный зал
550,доильный зал елочка
551,доильный зал карусель
552,доильный зал параллель
553,доильный стакан
554,дойные козы
555,дол-агро
556,долина лефкадия
557,домики из дерева
558,домики из пластика
559,дон 105
560,дон 93
561,дон 95
562,донмира
563,донник
564,донская безостая
565,донская степь
566,донской маяк
567,донской сюрприз
568,донской тип
569,донщина
570,дорсет
571,доярка
572,древесная меласса
573,дурнишник обыкновенный
574,дыхательная система
575,дюрок
576,еврохим
577,ежевика
578,еланская
579,еланчик
580,ермак
581,ес агора
582,ес белла
583,ес генезис
584,ес изида
585,ес командор
586,ес новамис сл
587,ес петуниа
588,ес савана
589,ес сирриус
590,ес фарадей
591,ес янис
592,есаул
593,естественное осеменение
594,жаворонок
595,жатка
596,жвачка
597,железо животноводство
598,желтая пятнистость
599,желтая ржавчина
600,желтое тело
601,жемайчу
602,жесткость
603,жесткость воды
604,животноводство
605,жидкие комплексные удобрения
606,жидкие удобрения
607,жидкий аммиак
608,жизнеспособность семян
609,жир
610,жирномолочность
611,жировая дистрофия печени
612,жиры
613,жкт
614,жмудская
615,жмых
616,жмых кунжутный
617,жом
618,жук
619,жёлтая ржавчина
620,зааненская
621,забайкальская порода овец
622,завод
623,заводская линия
624,загар
625,заготовка корма
626,заготовка сенажа
627,задержание последа
628,закрытые танки
629,залежные земли
630,заморозки
631,записки
632,записки животновода
633,запуск коров
634,зара
635,заразиха
636,заразная болезнь
637,зарубежный опыт
638,зарубежный скот
639,засоленность воды
640,защита винограда
641,защита вишни
642,защита окружающей среды
643,защита растений
644,защита сада
645,защита черешни
646,защита яблони
647,защищенный белок
648,здоровье конечностей
649,здрава
650,зебу
651,зеленая масса
652,зеленая масса ржи
653,зеленые корма
654,зеленый конус
655,зеленый корм
656,земляной шмель
657,зерно
658,зерно бобовых
659,зерно злаковых
660,зерно риса
661,зернобобовые
662,зерновые
663,зерновые корма
664,зерновые культуры
665,зерноградка 11
666,зерноградка 9
667,зерносмесь
668,зерносушилка
669,зерноток
670,зимний зерновой клещ
671,зимница
672,зимующий
673,зимующий однолетник
674,злаки
675,злаковая тля
676,злаковые
677,злаковые корма
678,злаковые мухи
679,золотистый стафилококк
680,зооантропоноз
681,зоогигиена
682,зоотехнический анализ кормов
683,зск
684,зубовая борона
685,зцм
686,иарс
687,идиосинкразия
688,иерархия коров
689,извращенный аппетит
690,изменение технологии выращивания
691,измерение ph в моче
692,илиада
693,имазамокс
694,имидаклоприд
695,иммунизация
696,иммунитет
697,иммунологическая кастрация
698,иммуносыворотка
699,импакт эксклюзив
700,инбредная депрессия
701,инвазии
702,инвестиции
703,индейка
704,индексы телосложения
705,индивидуальные домики
706,инкрустация
707,инкубатор
708,инкубационное яйцо
709,инкубация
710,инокулянт
711,инпут
712,инсектицид
713,инсектицидный протравитель
714,инсектициды
715,интервью
716,интересные факты
717,инфантилизм
718,инфекционная болезнь
719,инфекционный артрит-энцефалит
720,инфекционный процесс
721,инфекция
722,инфографика
723,инфографика животноводство
724,инъекции
725,ипподром
726,ипродион
727,ирбис
728,ирень
729,иридас
730,ирменский тип
731,искусственное осеменение
732,искусственное осеменение коз
733,исмена
734,испания
735,история
736,истощение
737,истощение сорняков
738,итальянский прус
739,ифа
740,йод животноводство
741,йоркшир
742,к742
743,кавалерка
744,кавказская порода овец
745,кадры
746,казахская белоголовая
747,как выбрать
748,калиевая селитра
749,калий
750,калий хлористый
751,калийная соль глифосата
752,калийные удобрения
753,калимагнезия
754,калифорнийские черви
755,калифорнийский тест
756,калым
757,калькуляция себестоимости
758,кальциевая селитра
759,кальций
760,камнеподборщик
761,канатник теофраста
762,капельный полив
763,капризуля
764,капустная моль
765,капустный сорняк
766,караван
767,каракульская
768,карантин
769,карачаевская
770,карбамид
771,карбамид кормовой
772,карбендазим
773,карбонатные
774,каргалинский тип
775,карликовая головня
776,карликовая ржавчина
777,карликовые козы
778,керотин
779,картофель
780,картофельный союз
781,карты животновод
782,кас
783,кас 32
784,кастрация поросят
785,кастрация телят
786,катион
787,катки
788,катрос
789,катумская
790,качество
791,качество воды
792,качество зерна
793,качество кормов
794,качество молока.
795,качество резины
796,качество свинины
797,качество семян
798,качество шерсти
799,квс рус
800,кемеровская
801,кетоз
802,кетозы
803,кетоновые тела
804,кзс
805,кианская
806,кировец
807,кислая среда
808,кислотность молока
809,кислотность почвы
810,кислотность рубца
811,кислые соли
812,кисты
813,кишечник
814,кк
815,классическая чума свиней
816,классический подсолнечник
817,клеарфилд
818,клевер
819,клевер александрийский
820,клевер египетский
821,клей для рапса
822,клейковина
823,клетодим
824,клещ
825,клинический мастит
826,клоп
827,клопиралид
828,клостридии
829,клотианидин
830,клубеньковые бактерии
831,кобальт животноводство
832,козлята
833,козоводство
834,козы
835,колимаститы
836,коллекторы для доильных аппаратов
837,комбаин
838,комбайн
839,комбикорм
840,комбинированное содержание
841,комбинированные сошники
842,компактор
843,комплексные аммофос
844,компостирование
845,кондиция
846,коневодство
847,конкурс
848,конный спорт
849,конопля
850,консервация силоса
851,контактно-кишечный
852,контактный
853,контроль воспроизводства
854,контроль качества
855,контроль кормления
856,контроль содержания
857,концентраты
858,концентрированные корма
859,коптер
860,копулировка
861,копыта
862,копытные ванны
863,копытце
864,корм
865,корм с водой
866,корма животного происхождения
867,кормление
868,кормление видео
869,кормление коз
870,кормление овец
871,кормление свиней
872,кормление телят
873,кормление ягнят
874,кормовая добавка
875,кормовое средство
876,кормовой стол
877,кормовые добавки
878,кормовые дрожжи
879,кормозаготовительная техника
880,кормозаготовка
881,кормопроизводство
882,кормораздатчик
883,кормосмеситель
884,корневая гниль
885,корнеед
886,корнеклубнеплоды
887,корнеотпрысковые
888,корова
889,корова сосет молоко
890,коровник
891,коровы
892,корона
893,короткожирнохвостые
894,короткоухая белая
895,косилка
896,костер
897,косточковые
898,костромская
899,кохейлан
900,коэффициент переваримости
901,краса дона
902,красная датская
903,красная степная
904,красноярская порода овец
905,красноярский тип
906,кратность доения
907,крахмал
908,кровеносные сосуды
909,кровь
910,кровяная мука
911,кролики
912,кролиководство
913,крупинка
914,круча
915,кубанский тип
916,кукуруза
917,кукуруза бондюэль
918,кукуруза на зерно
919,кукуруза на силос
920,кукурузный силос
921,кулундинский тип
922,культиватор
923,культиваторная лапа
924,культивация
925,купирование хвостов
926,курдючная порода
927,курень
928,куриное просо
929,куры
930,лакон
931,лактация
932,лактация коз
933,ламанча
934,ламинит
935,ландрас
936,лебедь
937,легкий доильный стакан
938,лежанка
939,лейкоз крс
940,лекарственные средства
941,лен
942,лен масличный
943,летний период
944,лечение
945,ликвилайзер
946,ликомера
947,лимузинская
948,линейка агронома
949,линия
950,липецкая звезда
951,липкость
952,листериоз
953,листовертка
954,листовые подкормки
955,литовская тяжелоупряжная
956,ловушка для мух
957,ложная мучнистая роса
958,лошади
959,луг
960,луговой мотылек
961,луна транквилити
962,лущение
963,лущильник
964,льговская 4
965,люпин
966,лютик
967,люцерна
968,люцерна на корм
969,люцерна на семена
970,лямбда-цигалотрин
971,маврик
972,магазин direct.farm
973,магний
974,мак
975,макроэлементы
976,малина
977,мальцев
978,мангалица
979,марганец животноводство
980,маргрет
981,маркиз
982,марь белая
983,масляная кислота
984,мастит
985,матка
986,машинное доение
987,меди-висна
988,медицина
989,медный купорос
990,медь животноводство
991,межмышечный абсцесс
992,мезоэлементы
993,меласса
994,меринос
995,местная анестезия
996,местные горные
997,местные лесные
998,местные породы
999,местные степные
1000,метан
1001,метеостанции
1002,метеостанция
1003,метконазол
1004,метрит
1005,метсульфурон-метил
1006,мечение
1007,микроволновая печь
1008,микроклимат
1009,микроклимат в свинарнике
1010,микроклимат для ягнят
1011,микроорганизмы
1012,микроудобрения
1013,микрофлора
1014,микрофлора рубца
1015,микроэлементы
1016,микроэлементы животноводство
1017,микроэлементы овцы
1018,миксер
1019,миксоматоз
1020,микстура
1021,милдью
1022,мина
1023,минералы
1024,минеральное питание
1025,минеральное удобрение
1026,минеральные
1027,минеральные удобрения
1028,минимальная обработка почвы
1029,министерство сельского хозяйства
1030,минитилл
1031,минсельхоз
1032,минэкономразвития
1033,многолетнее корневищное
1034,многолетние
1035,многолетние корневищные
1036,многолетние корнеотпрысковые
1037,многолетние сорняки
1038,многолетние травы
1039,многоплодие маток
1040,многоядные вредители
1041,многоядный
1042,многоядный вредитель
1043,мокрецы
1044,молибден
1045,молибден животноводство
1046,молодняк коз
1047,молозивный период
1048,молозиво
1049,молоко
1050,молоко коз
1051,молочай
1052,молочай лозный
1053,молочная железа
1054,молочная лихорадка
1055,молочная порода коз
1056,молочная порода коров
1057,молочная порода овец
1058,молочная продуктивность
1059,молочная спелость
1060,молочнаяспелость
1061,молочно-мясная порода коз
1062,молочно-мясная порода овец
1063,молочное скотоводство
1064,молочные козы
1065,молочные овцы
1066,молочный белок
1067,молочный период козлят
1068,моль
1069,монбельярдская
1070,мониторинг
1071,моноинфекция
1072,морковь
1073,московская 39
1074,московская 40
1075,московская 56
1076,мотыга
1077,моцион
1078,моцион коз
1079,мочевина
1080,мука мясо-костная
1081,мульчирование
1082,мухи
1083,мучнистая роса
1084,мучнистый распад
1085,мцпа
1086,мышь полевая
1087,мягкая пшеница
1088,мякина
1089,мясная порода
1090,мясная порода коз
1091,мясная порода коров
1092,мясная порода овец
1093,мясная порода свиней
1094,мясная продуктивность
1095,мясное птицеводство
1096,мясо птицы
1097,мясо-молочная порода
1098,мясо-молочно-шерстная порода овец
1099,мясо-сальная порода овец
1100,мясо-сальная порода свиней
1101,мясо-шерстная порода коз
1102,мясо-шерстная порода овец
1103,на полу
1104,на силос
1105,навеска
1106,навигация
1107,навоз
1108,надой
1109,накладки для копыт
1110,напольное содержание
1111,наркоз
1112,настройка
1113,натриевая селитра
1114,натрий
1115,ндви
1116,ндк
1117,незаразная болезнь
1118,неинфекционная болезнь
1119,некорневая подкормка
1120,некроз
1121,нематоды
1122,немецкая вислоухая
1123,немчиновская 57
1124,неоникотиноиды
1125,неотения
1126,неправильное доение
1127,нера пармезан
1128,несовместимость
1129,несушка
1130,нетели
1131,нигерийская карликовая
1132,нидерланды
1133,нитрат калия
1134,нитрат кальция
1135,нитратный азот
1136,нитрификация
1137,нитроаммофос
1138,нитроаммофоска
1139,нитрофосфат
1140,нитрофураны
1141,нк неома
1142,новосибирская 29
1143,новосибирская 31
1144,новости
1145,новости животноводство
1146,новотельные
1147,новотельные коровы
1148,норма высева
1149,норма расхода
1150,норма скармливания
1151,норма удобрений
1152,нормандская
1153,ноу тилл
1154,нубийская
1155,нулевая технология
1156,нулеваятехнология
1157,нут
1158,обезроживание
1159,обезроживание козлят
1160,оберхазли
1161,обжигание вымени
1162,обзор
1163,ободочная кишка
1164,оборудование
1165,оборудование для переработки и хранения зерна
1166,обособление бутонов
1167,обработка
1168,обработка вымени
1169,обработка почвы
1170,обработка семян
1171,обрак
1172,обрезка
1173,обрезка винограда
1174,обрезка копыт
1175,обская озимая
1176,общая профилактика инфекций
1177,объемистые корма
1178,овес
1179,овечье молоко
1180,овощеводство
1181,овощи
1182,овс
1183,овсюг
1184,овсяная нематода
1185,овуляция
1186,овцеводство
1187,овцематка
1188,овцы
1189,овёс
1190,ограждение кормового стола
1191,одари
1192,одесская 200
1193,однодольные
1194,однодольные сорняки
1195,однодольный
1196,однолетние
1197,однолетний
1198,ожирение печени
1199,озимая
1200,озимая пшеница
1201,озимая рожь
1202,озимая твердая пшеница
1203,озимая тритикале
1204,озимые
1205,озимые зерновые
1206,озимые культуры
1207,озимый рапс
1208,озимый ячмень
1209,оидиум
1210,окоз
1211,окот
1212,окулировка
1213,окулировка щитком
1214,окучивание
1215,олимп
1216,олимпия
1217,омская 4
1218,омская 5
1219,омская озимая
1220,омфалит
1221,онлайн-форум
1222,онтогенез
1223,оплодотворение
1224,оплодотворение свиней
1225,оподзоленный
1226,опорос
1227,опробковение
1228,опрос
1229,опрыскивание
1230,опрыскиватели
1231,опрыскиватель
1232,опыление
1233,оракул коламин бор
1234,оракул мультикомплекс
1235,оракул семена
1236,органические
1237,органические удобрения
1238,органическое сельское хозяйство
1239,органы дыхания
1240,органы пищеварения
1241,оренбургская 105
1242,орех
1243,оригинал
1244,орловская рысистая
1245,орловский рысак
1246,орошение
1247,осадки
1248,освещение
1249,осеменение
1250,осеменение коз
1251,осеменение овец
1252,осеменение свиней
1253,осеменение телок
1254,осенний период
1255,осенняя обрезка
1256,осенняя прививка
1257,осень
1258,ослиная ферма
1259,основное внесение удобрений
1260,основное удобрение
1261,осот
1262,осот полевой
1263,отан
1264,отбор почвы
1265,отбор скота
1266,ответы на вопросы
1267,отгрузка корма
1268,отек вымени
1269,отел
1270,отзывы
1271,откорм
1272,откорм быков
1273,откорм свиней
1274,открытые танки
1275,открытый метод кастрации
1276,относительный прирост
1277,отпугивание мух
1278,отход промышленной переработки
1279,отходы перерабатывающей промышленности
1280,отъем поросят
1281,отёл
1282,офиоболезная корневая гниль
1283,охлаждение молока
1284,охота
1285,оценка упитанности
1286,очесывающая жатка
1287,очистка
1288,ошейник
1289,п 7709
1290,пав
1291,падалица подсолнечника
1292,памяти федина
1293,пар
1294,паракератоз
1295,параллельное вождение
1296,параплау
1297,паратуберкулез
1298,парвовирус
1299,паритет
1300,парниковый эффект
1301,парус
1302,парша
1303,парша яблони
1304,паслен трехцветковый
1305,паста для обезроживания
1306,пастбище
1307,пастбищная система содержания
1308,пастбищное
1309,пастушья сумка
1310,патока
1311,паустиан
1312,паутинный клещ
1313,пахота
1314,пвси
1315,пена
1316,пенсильванское сито
1317,первица
1318,переваримость
1319,перевозка скота
1320,передвижение животных
1321,передвижные ванны
1322,перепел
1323,перепела
1324,перепелиное яйцо
1325,перепеловодство
1326,переработка молока
1327,переработка навоза
1328,пересев
1329,периодичность плодоношения
1330,персик
1331,пестицид
1332,пестициды
1333,петкус
1334,печень
1335,пивная дробина
1336,пиемия
1337,пикус
1338,пионерская 32
1339,пиренофороз
1340,пиретроиды
1341,пириметанил
1342,пируж
1343,пирятинская яма
1344,писанка
1345,питание картофеля
1346,питательная ценность силоса
1347,питательность
1348,пищеварительная система
1349,пищевое яйцо
1350,племенная работа с породами
1351,племенная ферма
1352,плесневение
1353,плесневение семян
1354,плод лесной орех
1355,плодово-ягодные
1356,плодоводство
1357,плодовые культуры
1358,плодоношение
1359,плоды и овощи
1360,плоды и овощи россии 2021
1361,плотность
1362,плотность молока
1363,плуг
1364,плужная подошва
1365,пневмония крс
1366,пневмоход
1367,побурение мякоти
1368,побурение сердцевины
1369,поваренная соль
1370,повилика
1371,поволжская 86
1372,поволжская нива
1373,повсходовое боронование
1374,повышение удоев
1375,погода
1376,погодные условия
1377,подарок дону
1378,подвздошная кишка
1379,подвой
1380,подгон скота
1381,подготовка к отелу
1382,подзолистые
1383,подкорм поросят
1384,подкормка
1385,подкормка озимых
1386,подмаренник цепкий
1387,подолянка
1388,подсолнечник
1389,подсолнечное масло
1390,подстилка
1391,поение коров
1392,поение свиней
1393,поение телят
1394,поздний сухостой
1395,поилка
1396,поилки
1397,поилки для свиней
1398,показатели зерна
1399,покупка
1400,покупка пестицидов
1401,покупка семян
1402,покупка сзр
1403,полба
1404,полевод
1405,полевой эксперимент
1406,полевые работы
1407,полегание
1408,полив
1409,полносмешанный рацион
1410,полова
1411,половая охота
1412,половая охота свиней
1413,полутонкорунная
1414,полы в коровнике
1415,помощь агронома
1416,помощь животновода
1417,пористость
1418,порода
1419,порода коз
1420,порода коров
1421,порода лакон
1422,порода лошадей
1423,порода овец
1424,порода свиней
1425,породы видео
1426,породы лошадей
1427,породы свиней
1428,поросята до 2-х месяцев
1429,посадочный материал
1430,посев
1431,посевная
1432,посевная техника
1433,посевы
1434,послед
1435,поставка скота
1436,потери
1437,потери урожая
1438,потомство
1439,потравитель
1440,почва
1441,почвенная влага
1442,почвенная корка
1443,почвенный гербицид
1444,почвообрабатывающая техника
1445,почвообработка
1446,поэма
1447,правильное доение
1448,предвестники
1449,предельно допустимая концентрация
1450,предплужник
1451,предпосевная культивация
1452,предпосевная обработка
1453,препарат
1454,препаративная форма
1455,препараты для вакцинации
1456,прессподборщик
1457,приангарский тип
1458,прибайкальский тип
1459,прививка
1460,прививка в расщеп
1461,прививка за кору
1462,привойно-подвойная комбинация
1463,привязный
1464,прииртышская
1465,прикапывание
1466,прикатывание
1467,прикоп
1468,прикорневая гниль
1469,прикумская 140
1470,прилипатель
1471,применение гербицидов
1472,применение инсектицидов
1473,применение удобрений
1474,применение фунгицидов
1475,примеси
1476,примитивная порода
1477,принудительная вентиляция
1478,приобретение скота
1479,приобский тип
1480,припосевное
1481,припосевное удобрение
1482,природный очаг
1483,приточный воздух
1484,причины болезней
1485,проволочник
1486,провяливание кормов
1487,прогнозирование
1488,программа
1489,программное обеспечение
1490,продажа скота
1491,производство молока
1492,производство сыра
1493,проламины
1494,пролежни
1495,промеры
1496,пропиконазол
1497,пропионовая кислота
1498,пропонит
1499,просо
1500,просо куриное
1501,протеин
1502,противоэпизоотическая работа
1503,протиоконазол
1504,протоколы
1505,протоколы лечения
1506,протравитель
1507,протравитель инсектицидный
1508,протравитель фунгицидный
1509,протравливание
1510,профилактика
1511,профилактика болезней
1512,пружинная борона
1513,прямая кишка
1514,прямое комбайнирование
1515,прямой сев
1516,прямокрылые
1517,пс
1518,псевдоэнцефалит
1519,птица
1520,птицеводство
1521,птицефабрика
1522,птицы
1523,птичий помёт
1524,пуховая порода коз
1525,пцр
1526,пчеловодство
1527,пчелы
1528,пшеница
1529,пшеница мягкая
1530,пшеница озимая
1531,пшеница твердая
1532,пшеница яровая
1533,пшеничный трипс
1534,пыльная головня
1535,пырей
1536,пырей ползучий
1537,пьетрен
1538,пьявица красногрудая
1539,пя
1540,пятнистость
1541,рабочий раствор
1542,разбрасыватель
1543,разведение животных
1544,разведение коз
1545,развитие
1546,раздельная уборка
1547,раздельное комбайнирование
1548,раздой
1549,районирование почв
1550,рапс
1551,рапс озимый
1552,рапс яровой
1553,рапсовый стол
1554,рапсовый цветоед
1555,рапсовый шрот
1556,распылитель
1557,рассрочка
1558,расстройства пищеварения
1559,рассыпчатая пивная дробина
1560,растворный узел
1561,растениеводство
1562,растения
1563,растяжение связок
1564,рахит
1565,рацион
1566,рацион для дойных коз
1567,рацион для нетелей
1568,рацион для свиней
1569,рацион для телят
1570,рацион молочных коров
1571,рацион овец
1572,рацион ягнят
1573,рационы
1574,реализация продукции
1575,регулирование завязей
1576,регулирование нагрузки плодами
1577,регулирование плодоношения
1578,регулирование цветков
1579,регуляторы роста
1580,резвость
1581,резиновое покрытие
1582,резистентность
1583,реинфекция
1584,реконструкция
1585,ректальное исследование
1586,ремонт
1587,ремонтные свинки
1588,ремонтный молодняк
1589,рентабельность
1590,рентабельность коровы
1591,репродуктивные органы
1592,репродукция
1593,респираторные инфекции
1594,республика башкортостан
1595,ретардант
1596,ретардантный эффект
1597,ретикулит
1598,ржавчина
1599,ржавчина подсолнечника
1600,рид
1601,ризоктониоз
1602,рн воды
1603,рог
1604,рога
1605,родентицид
1606,родительское стадо
1607,родовспоможение
1608,родословная
1609,роды
1610,рожа свиней
1611,рожь
1612,рожь озимая
1613,розовый бутон
1614,ромашка непахучая
1615,росагролизинг
1616,росинка тарасовская
1617,рост
1618,ростовчанка 5
1619,ростовчанка 7
1620,ростсельмаш
1621,рс
1622,рсм
1623,рсм2375
1624,рубец
1625,рулоны
1626,руменит
1627,русагротранс
1628,русская белая
1629,русская рысистая
1630,русский тяжеловоз
1631,рыжик
1632,рысаки
1633,рысистые
1634,рысистые бега
1635,с-металохлор
1636,савва
1637,сад
1638,садоводство
1639,садовый инструмент
1640,саженцы
1641,салерская
1642,сальмонеллез
1643,сальмонеллез крс
1644,сальная порода
1645,санитария
1646,санта-гертруда
1647,саранча
1648,саратовская 17
1649,саратовская 90
1650,сахара
1651,сахарная свекла
1652,сварог
1653,свежая пивная дробина
1654,свекла
1655,свекловичная меласса
1656,свекловичный жом
1657,свинарник
1658,свинки
1659,свиноводство
1660,свиной навоз
1661,свиноматки
1662,свиньи
1663,свиньи на откорме
1664,сев
1665,северодонецкая юбилейная
1666,северокавказская
1667,севооборот
1668,секлетия
1669,сексирование спермы
1670,селект
1671,селекционно-племенная работа
1672,селекция
1673,селен животноводство
1674,селена
1675,селитра
1676,сельское хозяйство
1677,сельское хоязйство
1678,сельскоехозяйство
1679,сельскохозяйственная техника
1680,сельхозтехника
1681,селяка
1682,семейство
1683,семена
1684,семена сои
1685,семенное ложе
1686,семенной материал
1687,семенные посевы
1688,семенные сорта винограда
1689,семеноводство
1690,семечковые
1691,семя
1692,семя животноводство
1693,семя хряка
1694,сенаж
1695,сенаж в рулонах
1696,сенаж в траншею
1697,сенажирование
1698,сено
1699,сепсис
1700,септицемия
1701,септориз
1702,септориоз
1703,септориоз подсолнечника
1704,сера
1705,сервис
1706,сервис-период
1707,сердечно-сосудистая система
1708,сернокислый калий
1709,серосодержащие удобрение
1710,серосодержащие удобрения
1711,сеялка
1712,сеянцы
1713,сзр
1714,сибирская нива
1715,сибирская язва
1716,сибирь
1717,сиглави
1718,сидеральный пар
1719,сидерат
1720,сила
1721,силиконовая сосковая резина
1722,силос
1723,силос кукурузный
1724,силос подсолнечниковый
1725,силосная траншея
1726,силосование
1727,силосохранилище
1728,симментальская
1729,симптомы
1730,сингента
1731,синергизм
1732,синергизм пестицидов
1733,синтетические ауксины
1734,синтетические половые феромоны
1735,система оценки кондиции
1736,система прослеживаемости зерна
1737,система удобрений
1738,системы орошения
1739,скачки
1740,скидка
1741,скипетр
1742,склад
1743,скороспелая мясная
1744,скорость воздуха
1745,скорость движения
1746,скрепи
1747,славия
1748,слепая кишка
1749,слива
1750,смешанная инфекция
1751,смещение сычуга
1752,снежная плесень
1753,снижение молочной продуктивности
1754,снижение потребления корма
1755,снимки со спутников
1756,снимкисоспутников
1757,собербаш
1758,советский тяжеловоз
1759,совка
1760,совместимость
1761,совместный посев
1762,сода
1763,содержание
1764,содержание видео
1765,содержание коз
1766,содержание крс
1767,содержание овец
1768,содержание птиц
1769,содержание свиней
1770,содержание телят
1771,содержание элементов в почве
1772,содержания
1773,соевый жмых
1774,соевый шрот
1775,соко
1776,солигор
1777,солнечный свет
1778,солома
1779,сом
1780,соматические клетки
1781,сомо
1782,сорго
1783,сорго на зерно
1784,сорное растение
1785,сорные растения
1786,сорняк
1787,сорняки
1788,сорт
1789,сорт пшеницы
1790,сорта и гибриды
1791,сорта сои
1792,сортировка
1793,сорто-подвойная комбинация
1794,соски
1795,сосковая резина
1796,состав молока
1797,сочные корма
1798,союз российских пивоваров
1799,соя
1800,сперма
1801,спиннер
1802,сплошной посев
1803,спортивные лошади
1804,спорынья
1805,спф
1806,средства для обработки вымени
1807,средства до доения
1808,средства защиты растений
1809,срок посева
1810,стадии лактации
1811,стадо
1812,станичная
1813,стартерный комбикорм
1814,старшина
1815,стати
1816,стать
1817,стационарные ванны
1818,стеблевая головня
1819,стеблевая ржавчина
1820,стеблестой
1821,стекловидность
1822,стельность
1823,стенка кишки
1824,степень насыщенности основаниями
1825,стерня
1826,стимулятор роста
1827,стимуляторы роста
1828,стимуляция вымени
1829,стойла
1830,стойловое
1831,стойловое содержание
1832,стратификация
1833,стрг 8060 15
1834,стрептомицин
1835,стресс у свиней
1836,стресс факторы
1837,стригущий лишай
1838,стрим
1839,стробилурины
1840,субклинический ацидоз
1841,субклинический мастит
1842,сукозность
1843,сукозные козы
1844,сукозный период
1845,сульфат аммония
1846,сульфат калия
1847,сульфат магния
1848,сульфоаммофос
1849,сульфонилмочевины
1850,сульфонитрат аммония
1851,сумико
1852,суперкилл
1853,супоросность
1854,сурен
1855,сурепка обыкновенная
1856,суффолк
1857,сухая пивная дробина
1858,сухие ванны
1859,сухое вещество
1860,сухостойные
1861,сухостойный период
1862,сушка зерна
1863,суягность
1864,схватки
1865,сценик комби
1866,сыворотка
1867,сывороточная болезнь
1868,сыр
1869,сыроварение
1870,сырой протеин
1871,ся
1872,таврирование
1873,таз
1874,тазовая полость
1875,танаис
1876,танк-охладитель
1877,таня
1878,татуировка
1879,ташлинская
1880,твердая головня
1881,твердая пшеница
1882,тебаз про
1883,тебуконазол
1884,тексель
1885,теленок
1886,телязии
1887,телята
1888,температура воды
1889,температура воздуха
1890,тепличная отрасль
1891,тепличный форум
1892,тепло
1893,тепловой стресс
1894,терапия
1895,термоустойчивость молока
1896,тест на мастит
1897,тетания
1898,тетрациклины
1899,техкарта
1900,техника
1901,техника для уборки урожая
1902,техникадляуборкиурожая
1903,технологическая карта
1904,технология возделывания
1905,тиаметоксам
1906,тилома
1907,тимирязевка 150
1908,тимофеевка
1909,тимпания
1910,тип роста сои
1911,типичный
1912,тит
1913,тифенсульфурон-метил
1914,тифулез
1915,тихон
1916,тля
1917,товарная ферма
1918,тоггенбургская
1919,тоггенбургская порода
1920,толстая кишка
1921,томат
1922,тонина
1923,тонкая кишка
1924,тонкорунная
1925,топ вредителей
1926,топ сорняков
1927,торег
1928,торрилд
1929,точное земледелие
1930,тощая кишка
1931,трава
1932,трава естественных лугов
1933,трактор
1934,тракторная и автомобильная техника
1935,трамбовка силоса
1936,транзитный период
1937,транспортировка
1938,трансформация
1939,трематоды
1940,триада
1941,триазолы
1942,триасульфурон
1943,трибенурон-метил
1944,тризо
1945,триплекс
1946,тритикале
1947,трифлоксистробин
1948,трихограмма
1949,триходерма
1950,трихофития
1951,троеборье
1952,тростниковая меласса
1953,трудяга
1954,тукосмесь
1955,туляремия
1956,тушинская
1957,тюки
1958,тяжеловозные
1959,тяжелое дыхание
1960,тяжелоупряжные
1961,тяжелый доильный стакан
1962,убойная масса
1963,убойный выход
1964,уборка
1965,уборка  урожая
1966,уборка кормов
1967,уборка урожая
1968,уборка яблок
1969,уборочная
1970,уборочная техника
1971,увядание плодов
1972,увядание яблок
1973,углеводы
1974,удаление навоза
1975,удобрение
1976,удобрение картофеля
1977,удобрения
1978,удой
1979,удушение
1980,узи
1981,уксусная кислота
1982,улей
1983,уллубий
1984,ульяновская область
1985,универсальная порода лошадей
1986,универсальная порода свиней
1987,упаковка кормов
1988,упитанность
1989,уплотнение почвы
1990,управление кормлением
1991,управление стадом
1992,управление фермой
1993,упряжные
1994,уралосибирская
1995,уралосибирская 2
1996,уреаза
1997,уровень вакуума
1998,урожай
1999,урожайность
2000,уруп
2001,ускорение развития
2002,условия содержания
2003,устойчивость сортов к болезням
2004,утилизация навоза
2005,учет потерь
2006,учумский тип
2007,учхоз
2008,ушная бирка
2009,уэльская
2010,фасоль
2011,фелиция
2012,феноксапроп-п-этил
2013,ферма
2014,ферма коз
2015,ферментация навоза
2016,фермер
2017,фермерство
2018,феромоны
2019,фертигация
2020,физиологическая болезнь плодов
2021,физиология животных
2022,фитопатология
2023,фитотоксичность
2024,фитофтороз
2025,фитоэкспертиза
2026,флаговый лист
2027,флорасулам
2028,флуазифоп-п-бутил
2029,флудиоксонил
2030,флуопирам
2031,флутриафол
2032,фмс
2033,фокус
2034,фолликулярные кисты
2035,фомоз
2036,фомопсис
2037,форма вымени
2038,формалин
2039,форум
2040,форум 2021
2041,фосагро
2042,фосфаты
2043,фосфогипс
2044,фосфор
2045,фосфор животноводство
2046,фосфорная кислота
2047,фосфорные удобрения
2048,фосфорорганические
2049,фсг
2050,фтор животноводство
2051,фузариоз
2052,фузариоз колоса
2053,фузариозная корневая гниль
2054,фунгицид
2055,фунгициды
2056,фуражное зерно
2057,фурункулез
2058,хадбан
2059,хакасский тип
2060,хантер
2061,хвост
2062,хвощ
2063,хедлоки
2064,хелаты
2065,хлеб
2066,хлеб в кормлении свиней
2067,хлебная блошка
2068,хлебная жужелица
2069,хлебная полосатая блошка
2070,хлебный жук
2071,хлебный жук-кузька
2072,хлебный пилильщик
2073,хлебороб
2074,хлорелла
2075,хлористый аммоний
2076,хлористый калий
2077,холмогорская
2078,холодный метод
2079,холостое доение
2080,хранение
2081,хранение зерна
2082,хранение корма
2083,хранение кормов
2084,хранение пестицидов
2085,хранение посадочного материала
2086,хранение яблок
2087,хронический мастит
2088,хряк
2089,цветение
2090,цельное молоко
2091,центурион
2092,цены на зерно
2093,церкоспореллез
2094,церкоспореллёз
2095,церкоспороз
2096,цестоды
2097,цефей
2098,цецеце
2099,цивильская
2100,цикадка
2101,цинк животноводство
2102,ципроконазол
2103,цитокинин
2104,цитрусовая меласса
2105,чара
2106,чарльз
2107,частично смешанный рацион
2108,частота пульсаций
2109,черешня
2110,черно-пестрая
2111,черноземка 130
2112,черноземы выщелоченные
2113,черноземы обыкновенные
2114,чернь
2115,чернь колоса
2116,чешуекрылые
2117,чизель
2118,чистокровная верховая
2119,шами
2120,шаролезская
2121,шведиш ред
2122,швицкая
2123,шейный брус
2124,шерстная порода коз
2125,шерстная порода овец
2126,шерсть
2127,ширина лапы
2128,шланги для доения
2129,шортгорнская
2130,шрот
2131,шср
2132,штригель
2133,щелевые полы
2134,щелкун
2135,щелочная среда
2136,щетинник
2137,щирица
2138,щирица запрокинутая
2139,эволюшн
2140,эдильбаевская
2141,экология
2142,экономика
2143,экономика животноводства
2144,экономика растениеводства
2145,эксперимент
2146,эксперимент 2019
2147,эксперимент2020
2148,эксплоер
2149,экспорт
2150,экспорт зерна
2151,экспорт пшеницы
2152,экспорт сельхозпродукции
2153,экспресс
2154,экстерьер
2155,электронные карты полей
2156,электронныекартыполей
2157,электропастух
2158,электропастух для овец
2159,электропроводность молока
2160,элементы питания
2161,элита
2162,элитные семена
2163,эмбрионализм
2164,эмбриональный период
2165,энергия
2166,энзоотическая атаксия
2167,энтомология
2168,эпв
2169,эстонская беконная
2170,эстонская порода лошадей
2171,эстонский клеппер
2172,эстральная синхронизация
2173,эстральный цикл
2174,эстроген
2175,этнос
2176,этюд
2177,юбилейная 100
2178,юбилейный
2179,югагро
2180,югагро2021
2181,южноуральская порода овец
2182,юка
2183,юмпа
2184,юпл
2185,яблоки
2186,яблонная плодожорка
2187,яблоня
2188,ягнение
2189,ягнята
2190,ягодные
2191,ягодные культуры
2192,язва подошвы
2193,язва рустергольца
2194,яичное птицеводство
2195,яичный кросс
2196,яйценоскость
2197,яйцо
2198,яловость
2199,янтара
2200,ярвет
2201,яровая пшеница
2202,яровая твердая пшеница
2203,яровое позднее
2204,яровой рапс
2205,яровой ячмень
2206,яровые
2207,яровые зерновые
2208,яровые культуры
2209,ярославская
2210,ярочка
2211,ярутка полевая
2212,яснотка
2213,яч
2214,ячменная шведская муха
2215,ячмень
2216,ячмень озимый
2217,ячмень яровой
2218,#yugagro2021
2219,#пресс_подборщики
2220,amazone
2221,aqualis
2222,bayer
2223,caseih
2224,dmc
2225,euralis
2226,fliegl
2227,kompactomat
2228,matermacc
2229,oxbo
2230,pepsico
2231,poettinger
2232,precision planting
2233,roi
2234,telegram-бот
2235,yugagro2021
2236,абиотический фактор
2237,аборигенная порода
2238,абсцесс
2239,автополив
2240,агинская
2241,агрессивный скот
2242,агро
2243,агробизнес
2244,агровопрос
2245,агроинженер
2246,агроинжнер
2247,агрокоптер
2248,агромониторинг
2249,агроновости
2250,агрономия
2251,агропедия
2252,агросигнал
2253,агросовет
2254,агротехника
2255,агрофон
2256,агрохимический анализ почв
2257,агрохимия
2258,азот животноводство
2259,азотная подкормка
2260,азотное удобрение
2261,азотное питание
2262,азотные удобрения
2263,азотофосфат
2264,азотфиксаторы
2265,акарицид
2266,аквитанская
2267,акрон
2268,алатауская
2269,аллелопатия
2270,аллергическая диагностика
2271,аллергическая реакция
2272,аллюр
2273,алтайская мясная
2274,алтайская порода овец
2275,альтернариоз подсолнечника
2276,амбар
2277,аммиачная селитра
2278,аммофос
2279,аммофосфат
2280,аналитика
2281,анаплазмоз
2282,анатолийская черная
2283,анатомия животных
2284,ангельнская
2285,англерская
2286,ангорская
2287,андийская
2288,антагонизм
2289,апк
2290,аппенцелльская порода
2291,артрит
2292,аск
2293,асканийская
2294,астровые
2295,аулиетинская
2296,африканер
2297,африканский пигмей
2298,ацетонемия
2299,ацетоновые тела
2300,бактерицид
2301,барбари
2302,барда картофельная
2303,баритон супер
2304,басф
2305,бахчевые
2306,башкортостан
2307,бега
2308,безостая 100
2309,беконная порода свиней
2310,беконный откорм свиней
2311,белковомолочность
2312,беломышечная болезнь
2313,белорусская упряжная
2314,белорусская черно-пестрая
2315,бельгийская шаговая лошадь
2316,бенгальская черная
2317,беременность
2318,беркшир
2319,берсим
2320,бесплодие
2321,бестужевская
2322,бетаин
2323,бимодальность
2324,биологический вынос
2325,биофунгициды
2326,битал
2327,бифмастер
2328,блютанг
2329,бобовые
2330,бобовый сорняк
2331,болгарская белая молочная
2332,болезни дыхательной системы
2333,болезни коз
2334,болезни колоса
2335,болезни молочной железы
2336,болезни новотельного периода
2337,болезни органов дыхания
2338,болезни печени
2339,болезни птиц
2340,болезни пшеницы
2341,болезни ячменя
2342,болезнь всех видов животных
2343,болезнь марека
2344,болезнь молочной железы
2345,болезнь мортелларо
2346,болезнь обмена веществ
2347,болезнь опорно-двигательной системы
2348,болезнь пищеварительной системы
2349,болезнь покровов тела
2350,болезнь системы крови
2351,болезнь цнс
2352,бордер лейстер
2353,борная кислота
2354,борона
2355,борьба с голубями
2356,борьба с кротами
2357,ботва свеклы
2358,браман
2359,бройлер
2360,бруцеллез
2361,брюква
2362,буйволиная ферма
2363,бура
2364,бурсит
2365,бурская
2366,бурт
2367,бурятская
2368,буубэй
2369,бычки
2370,вагю
2371,вакуумная труба
2372,вакцина
2373,вакцинация
2374,валкообразователь
2375,валлийская
2376,вебинар
2377,вегетативный орган
2378,вегетационный период
2379,ведро с соской
2380,вена
2381,венгерская серая
2382,вертикальная обработка
2383,верхово-упряжные
2384,весенняя обрезка
2385,ветеринария
2386,ветеринарный инструментарий
2387,видео козоводство
2388,видео овцы
2389,видеоописание
2390,вика озимая
2391,виноград
2392,вирус шмалленберг
2393,вирусные болезни
2394,вита
2395,витамин а
2396,витамин в
2397,витамин д
2398,витамин е
2399,витамин к
2400,витамин с
2401,вишня
2402,влагоемкость
2403,владимирский тяжеловоз
2404,вода для коров
2405,вода для свиней
2406,водно-диспергируемые гранулы
2407,водно-суспензионный концентрат
2408,водный аммиак
2409,водный раствор
2410,водорастворимые гранулы
2411,водорастворимый концентрат
2412,водорастворимый порошок
2413,вольный выпас
2414,воспроизводство
2415,воспроизводство коз
2416,воспроизводство овец
2417,восточно-фризская
2418,вредители картофеля
2419,вредители рапса
2420,вредитель яблони
2421,всхожесть семян
2422,вуксал
2423,выбор породы коров
2424,вымочки
2425,вынос элементов питания
2426,выпадение влагалища
2427,выпойка козлят
2428,выпойка молозива
2429,выпревание
2430,выравнивание почвы
2431,выращивание рапса
2432,выращивание сои
2433,выращивание телят
2434,выращивание картофеля
2435,выщелачивание
2436,вьетнамская вислобрюхая
2437,вятский тип
2438,галоп
2439,гангренозный мастит
2440,ганноверская
2441,гашеная известь
2442,гвинейская
2443,гельминтозы
2444,гельминтоспориоз
2445,геморрагический кишечный синдром
2446,генеалогическая линия
2447,генерация
2448,гербицид
2449,гернсийская
2450,гибридизация
2451,гибриды кукурузы
2452,гиперергия
2453,гиперкератоз
2454,гипогликемия
2455,гипокотиль
2456,гипопус
2457,гипс
2458,гипсование
2459,гиссарская
2460,глазомерная оценка
2461,глостер
2462,глубина посадки
2463,глубокая подстилка
2464,гнойно-катаральный мастит
2465,голландский ландрас
2466,голубомордый лейстер
2467,горение зерна
2468,горох на зерно
2469,горчица белая
2470,горчица на зерно
2471,горчица на сидерат
2472,горьковская
2473,гранни
2474,грансостав
2475,гречиха
2476,грибковая болезнь
2477,грибные болезни
2478,грозненская
2479,грунтовые воды
2480,группировка скота
2481,групповое содержание коз
2482,густота стояния
2483,дагестанская пуховая
2484,дамасская
2485,датский ландрас
2486,даф
2487,двудольные растения
2488,двудольный
2489,двулетние
2490,двуручка
2491,девонская
2492,дезинфицирующие препараты
2493,декорнуация
2494,декстер
2495,делянка
2496,денитрификация
2497,депонирование
2498,дератизация
2499,дерматит пястного сустава
2500,дефицит цинка
2501,дефолианты
2502,диагноз
2503,диагностика стельности
2504,диагностика сукозности
2505,диагностика суягности
2506,диагональные решетки
2507,диаммофос
2508,диаммофоска
2509,диапауза
2510,диарея телят
2511,диас
2512,дисбактериоз
2513,длинарезки
2514,длинножирнохвостые
2515,длиннотощехвостые
2516,добавка
2517,довсходовые
2518,доение
2519,доение овец
2520,доза удобрений
2521,доильный зал
2522,дойные козы
2523,донник на семена
2524,донская
2525,дорпер
2526,дорсет
2527,дрессура
2528,дыхание
2529,дыхание почвы
2530,дюрок
2531,еврохим
2532,еланчик
2533,ес аргентик
2534,ес аркадия су
2535,ес астероид
2536,ес график сл
2537,ес дольчевита
2538,ес констеланс
2539,ес регата
2540,ес розалия
2541,ес романтик
2542,железо животноводство
2543,жемайтская
2544,животноводство
2545,жидкий навоз
2546,жизнеспособностьё
2547,жирномолочность
2548,жку
2549,жку 11:37
2550,жмых льняной
2551,жмых подсолнечный
2552,жмых рапсовый
2553,жмых сезамовый
2554,зааненская
2555,зав
2556,загонный выпас
2557,заготовка корма
2558,заготовка сена
2559,законопроект
2560,закрытый метод кастрации
2561,заморозки
2562,западно-сибирская мясная порода
2563,записка агронома
2564,записки животновода
2565,зародыш
2566,зарубежный скот
2567,защита грецкого ореха
2568,защита картофеля
2569,защита подсолнечника
2570,защита растений
2571,защита зерновых
2572,защита растений
2573,здоровье телят
2574,зебу
2575,зеленый конвейер
2576,зерно
2577,зерно гороха
2578,зерно пшеницы
2579,зерно ржи
2580,зерно россии
2581,зерно тритикале
2582,зерновка
2583,зерновые культуры
2584,зерноуборочный комбайн
2585,зимнее время
2586,зимующий однолетник
2587,золотистый стафилококк
2588,зооноз
2589,зцм для поросят
2590,зяблевая вспашка
2591,иберийская
2592,избирательный гербицид
2593,известкование
2594,изменение климата
2595,имаго
2596,иммунный ответ
2597,иммунопрофилактика
2598,инан
2599,инбридинг
2600,ингибитор синтеза хитина
2601,индейководство
2602,индийская головня
2603,инкрустация семян
2604,инкубирование
2605,инородное тело
2606,иноходь
2607,инпут
2608,инсекто-фунгицидный протравитель
2609,инсоляция
2610,интервью
2611,интернет вещей
2612,интерьер
2613,инфекционная болезнь
2614,инфекционный ринотрахеит
2615,инфографика
2616,инфографика животноводство
2617,инъекции
2618,инъекция
2619,иомудская
2620,ипподром
2621,ипподромные испытания
2622,искусственное осеменение свиней
2623,истобенская
2624,истощение коров
2625,йод животноводство
2626,кавказская бурая
2627,кавказская порода овец
2628,кадры
2629,казахская
2630,казахская белоголовая
2631,калий животноводство
2632,калий сернокислый
2633,калийная соль
2634,каликинская
2635,калимаг
2636,калмыцкая овца
2637,камори
2638,каннибализм
2639,капустная моль
2640,караку
2641,каракульская
2642,карантин
2643,карачаевская
2644,карбамид
2645,карбамид животноводство
2646,карбамид-аммиачная смесь
2647,карбоаммофоска
2648,карбонат аммония
2649,карликовые козы
2650,картофельный силос
2651,карты животновод
2652,каток
2653,катрос
2654,каустическая сода
2655,качество зерна
2656,качество силоса
2657,кашемировая
2658,квадрокоптер
2659,квота на экспорт
2660,кдк
2661,кетозы
2662,кетоновые тела
2663,кжп
2664,кианская
2665,кико
2666,кировец
2667,кислотность
2668,кишечный инсектицид
2669,кишка
2670,классика
2671,классический подсолнечник
2672,клен
2673,клеппер
2674,клеточное содержание
2675,клещи
2676,клиренс
2677,клостридиоз
2678,клубеньковые бактерии
2679,км-1
2680,кобальт животноводство
2681,козлята
2682,колеоптиль
2683,колимаститы
2684,колодки
2685,колос
2686,колосовский тип
2687,колошение
2688,кондиция
2689,конидии
2690,конкур
2691,конкурс
2692,конный спорт
2693,консервация силоса
2694,конституция
2695,контагиозная эктима
2696,контактно-кишечный инсектицид
2697,контактный пестицид
2698,континентальный климат
2699,конференция
2700,концентрат суспензии
2701,концентрат эмульсии
2702,копулировка
2703,копыта
2704,копытная гниль
2705,корень
2706,корм с водой
2707,корма
2708,кормление
2709,кормление видео
2710,кормление лактирующих коров
2711,кормление нетелей
2712,кормление овец
2713,кормление птицы
2714,кормление телят
2715,кормовая свекла
2716,кормовая смесь
2717,кормовые дрожжи
2718,кормозаготовка
2719,кормопроизводство
2720,кормораздатчик
2721,кормосмеситель
2722,корневая подкормка
2723,корневище
2724,корневищные
2725,корневые выделения
2726,корневые гнили
2727,корневые клубеньки
2728,корнеплоды
2729,корова лягается
2730,коровье бешенство
2731,корончатая ржавчина
2732,костромская
2733,кохейлан-сиглави
2734,красная белопоясая
2735,красная горбатовская
2736,красная тамбовская
2737,красная эстонская
2738,красно-пестрая
2739,красный плодовый клещ
2740,крахмал картофельный
2741,кровососущие насекомые
2742,кросс
2743,крупная белая
2744,крупная черная
2745,ку-лихорадка
2746,кубань
2747,кузнецкая
2748,куйбышевская
2749,куколка
2750,кукуруза на зерно
2751,кулундинская мясная
2752,кущение
2753,кчс
2754,лабораторный эксперимент
2755,лакомб
2756,лакон
2757,лактационная кривая
2758,лактоза
2759,ламанча
2760,ландрас
2761,ландшвайн
2762,латвийская белая
2763,лебеда
2764,лебединская
2765,лекарственные средства
2766,лентивирусные инфекции
2767,лептоспироз
2768,летальная доза
2769,лечение
2770,лечение телят
2771,ливенская
2772,лигула
2773,лидеа
2774,лизинговая программа
2775,линейка агронома
2776,линька
2777,липоксть почвы
2778,листовые
2779,листовые подкормки
2780,листовые пятнистости
2781,литовская белая
2782,литовский тяжеловоз
2783,личинка
2784,локайская
2785,лонгхорн
2786,лущильник
2787,лютеиновые кисты
2788,люцерна животноводство
2789,люцерна на корм
2790,люцерна под покров
2791,лядвенец
2792,магазин direct.farm
2793,магний азотнокислый
2794,макроэлементы
2795,малокровие
2796,мангал
2797,мандалонг спешилс
2798,марганец животноводство
2799,марганец сернокислый
2800,маркиджанская
2801,мастит коз
2802,мастит коров
2803,мастит овец
2804,медный купорос
2805,медоносная пчела
2806,медь
2807,медь животноводство
2808,мезенская
2809,мезоэлементы
2810,мейшан
2811,мелкокосточковые
2812,мен-анжу
2813,меринос
2814,меромиза хлебная
2815,меры борьбы
2816,мессе франкфурт рус
2817,местные
2818,местные породы
2819,местные степные
2820,метафосфат калия
2821,метелка
2822,метод дезориентации
2823,методы лечения
2824,механизатор
2825,механическая очистка
2826,микоплазмоз
2827,микотоксины
2828,микробиом
2829,микроклимат в свинарнике
2830,микроудобрения
2831,микроэлементы животноводство
2832,микроэлементы козы
2833,микроэлементы овцы
2834,микроэмульсия
2835,минеральное питание
2836,минеральные удобрения
2837,мини-тилл
2838,минирование
2839,минитилл
2840,минсельхоз
2841,миргородская
2842,мировой сбор
2843,михайловский тип
2844,мицелий
2845,многоядные вредители
2846,молибдат аммония
2847,молибден животноводство
2848,молоко
2849,молочная кислота
2850,молочная порода овец
2851,молочная сыворотка
2852,молочно-мясная порода коз
2853,молочно-мясная порода овец
2854,молочное скотоводство
2855,молочные козлята
2856,мониторинг
2857,монофосфат калия
2858,мочевина кормовая
2859,мсх
2860,муромская
2861,мурсиана-гранадина
2862,муссонный климат
2863,мучнистая роса
2864,мякина
2865,мясная порода овец
2866,мясо
2867,мясо индейки
2868,мясо-молочно-шерстная порода овец
2869,налив
2870,натрий хлор
2871,некорневая подкормка
2872,некроз
2873,нематоды
2874,нерегулярное плодоношение
2875,неро ди парма
2876,неро сицилиано
2877,нимфа
2878,нитрат кобальта
2879,нитрат натрия
2880,нитроаммофоска
2881,нитросульфат аммония
2882,нитрофоска
2883,новости
2884,новости животноводство
2885,новотельные коровы
2886,нодулярный дерматит
2887,ноктин
2888,норма высева озимой пшеницы
2889,норма скармливания
2890,ноу тилл
2891,ноутилл
2892,нубийская
2893,нулевая технология
2894,обезвоживание
2895,обезроживание козлят
2896,оберхазли
2897,обзор оборудования
2898,обливание водой
2899,обмен веществ
2900,обмолот
2901,обморожение соска
2902,оборудование для внесения удобрений
2903,оборудованиедляпереработкиихранениязерна
2904,обработка колоса
2905,обработка копыт
2906,обработка семян
2907,общая анестезия
2908,овес яровой
2909,овицид
2910,овцеводство
2911,овцематка
2912,овцы шароле
2913,однолетние растения
2914,озимые
2915,оксфорд даун
2916,окулировка в приклад
2917,омгау 100
2918,омфалит
2919,онлайн-магазин
2920,оплодотворение
2921,оподзоливание
2922,опробковение яблок
2923,опрос
2924,оптимус
2925,опыление
2926,органолептический способ
2927,оренбургская
2928,оригинатор
2929,орошение
2930,ортофосфорная кислота
2931,осеменение овец
2932,осеменение телок
2933,основное внесение
2934,оспа
2935,отбор скота
2936,отвал
2937,откорм быков
2938,отравление аммиаком
2939,отход промышленной переработки
2940,оценка здоровья телят
2941,пав
2942,памятка
2943,пантера
2944,паразиты
2945,параплегия
2946,паратуберкулез
2947,партеногенез
2948,парша
2949,паста безрогофф
2950,пастереллез
2951,пастеризация
2952,патоген
2953,пдк
2954,пельвиметрия
2955,пенициллин
2956,первый бит
2957,перевозка
2958,перегрузчик
2959,перезимовка зерновых
2960,переработка молока
2961,период лактации
2962,перитеций
2963,персик
2964,перчатки для доярок
2965,пестициды
2966,пивот
2967,пинцгауэр
2968,пираклостробин
2969,пиретроид
2970,питание картофеля
2971,питательность
2972,пищеварительная система
2973,пищевая ценность
2974,планирование урожая
2975,плод грецкий орех
2976,плодовые почки
2977,плодородие
2978,плоды и овощи
2979,плоды и овощи россии 2021
2980,плотность почвы
2981,плуг
2982,плужная подошва
2983,пневмония
2984,пневмопогрузчик
2985,побег
2986,побочные продукты
2987,побурение мякоти
2988,побурение сердцевины
2989,поверхностный ожог
2990,подготовка к покою
2991,подкожная пятнистость
2992,подкормка озимых
2993,пододерматит
2994,подсев
2995,подсолнечниковый силос
2996,покровная культура
2997,покупка сзр
2998,поле
2999,полимерный рукав
3000,полиоэнцефаломаляция жвачных
3001,полифагия
3002,половая охота
3003,половой цикл
3004,полтавская мясная
3005,полутонкорунная
3006,полынь
3007,польско-китайская
3008,помощь агроинженера
3009,помощь агронома
3010,помощь животновода
3011,пористость почвы
3012,порода коз
3013,порода овец
3014,породы видео
3015,породы перепелов
3016,породы свиней
3017,поросята
3018,посевная
3019,посевная техника
3020,посевной комплекс
3021,последействие гербицидов
3022,постэмбриональный период
3023,потребность овец
3024,потуги
3025,почва
3026,почвенные гербициды
3027,почвенные микроорганизмы
3028,почвозащитное земледелие
3029,почвообразование
3030,пошлины
3031,правила продажи скота
3032,предплужник
3033,препаративная форма
3034,прессподборщик
3035,придонская
3036,прикорневые гнили
3037,приложение
3038,применение гербицидов
3039,применение инсектицидов
3040,применение удобрений
3041,прогестерон
3042,прогноз
3043,прогрейн
3044,прозаро
3045,промышленное козоводство
3046,протеиновое отношение
3047,противоядие
3048,протоколы
3049,протоколы лечения
3050,протравители
3051,протравить
3052,профилактика абортов
3053,профилактика болезней
3054,профилактика мастита
3055,прямой посев
3056,пс
3057,псевдочума птиц
3058,психология коров
3059,птица
3060,птицефабрика
3061,пухлость яблок
3062,пуховая порода коз
3063,пшеница
3064,пьемонт
3065,пьетрен
3066,пятнистость
3067,разведение
3068,разведение овец
3069,раздача кормов
3070,разновидности пшеницы
3071,районирование почв
3072,растениеводство
3073,рацион для герефордов
3074,рацион для дойных коров
3075,рацион для сукозных коз
3076,рацион для сухостоя
3077,рацион для телят
3078,редиго про
3079,режим почв
3080,рейтинг
3081,реконструкция
3082,ректальное исследование
3083,ремонтные поросята
3084,репродукция
3085,ретарданты
3086,решета
3087,ржавчина гороха
3088,рис
3089,рн-коррекция
3090,родентицид
3091,родовспоможение
3092,розетка
3093,романовская
3094,росгидромет
3095,россельхозцентр
3096,ростовский тип
3097,румынский сэддлбэк
3098,руно
3099,русагротранс
3100,русская белая
3101,русская верховая
3102,русская комолая
3103,русская тяжелоупряжная
3104,русский рысак
3105,рыбная мука
3106,рысь
3107,садоводство
3108,сальская
3109,саммит
3110,самоходный опрыскиватель
3111,санитария
3112,сапротрофы
3113,саранча
3114,сбор плодов
3115,свекла кормовая
3116,свекловичный жом
3117,свиноводство
3118,свищ
3119,северокавказская мясошерстная
3120,седаксан
3121,сексированное семя
3122,селекция
3123,селен животноводство
3124,сельское хозяйство
3125,сельскохозяйственная выставка
3126,сельхозтехника
3127,семенной фонд
3128,семиреченская
3129,семя
3130,семя быка
3131,семя животноводство
3132,семя козлов
3133,семя хряка
3134,семядоли
3135,сенаж в рулонах
3136,сенаж в траншею
3137,сенаж люцерны
3138,сенаж силос
3139,сеникация
3140,сено клеверное
3141,сено тимофеевки
3142,сепарирование зерна
3143,септикопиемия
3144,сера животноводство
3145,сервисы
3146,сернокислый аммоний
3147,сернокислый калий
3148,серые лесные
3149,сзр
3150,сибирская северная
3151,сибирячка
3152,сидеральный пар
3153,силос
3154,силос из ботвы свеклы
3155,силос картофельный
3156,силос кукурузный
3157,силосование
3158,симбиоз
3159,синергизм
3160,синхронизация охоты
3161,синхронизация рубца
3162,система обработки почвы
3163,система удобрений
3164,система удобрения
3165,система удобрения картофеля
3166,системный пестицид
3167,системы питания
3168,склероций
3169,скороспелость
3170,скорость посева
3171,скотоводство
3172,скрепер
3173,скрещивание
3174,слезотечение у коров
3175,слизни
3176,см-1
3177,смушковые
3178,советская порода коз
3179,советская тяжелоупряжная
3180,совэкон
3181,содержание видео
3182,содержание животных
3183,соко
3184,солигор
3185,сорго на силос
3186,сорняки
3187,сорта
3188,сорта сои
3189,сортообновление
3190,сортосмена
3191,состав кормов
3192,состояние посевов
3193,сосуд
3194,сосуньи
3195,софт
3196,соя животноводство
3197,спарки
3198,спекл парк
3199,спелость почвы
3200,специфическая профилактика инфекций
3201,спк
3202,сплошной гербицид
3203,спорадия
3204,споры
3205,способы посева
3206,спотлайт плюс
3207,средства после доения
3208,срез силоса
3209,ставропольская порода овец
3210,стартерный комбикорм
3211,стебель
3212,стимуляторы роста
3213,стимуляция вымни
3214,стравливание
3215,страхование
3216,страховый гербицид
3217,стресс
3218,субсидии животноводство
3219,субстрат
3220,суглинки
3221,суксунская
3222,сульфат аммония-натрия
3223,сульфат калия-магния
3224,сульфат кобальта
3225,сульфат магния
3226,сульфат цинка
3227,сульфаты
3228,сульфоаммофос
3229,сумиагро
3230,супоросность
3231,суффолк
3232,сухое обезжиренное молоко
3233,сухой рацион
3234,сушка
3235,сфера макс
3236,съем урожая
3237,сычевская
3238,сычуг
3239,тагильская
3240,тандем
3241,тандемный доильный зал
3242,тара
3243,тарантез
3244,тау-флювалинат
3245,тексель
3246,телематика
3247,тельца бабеша-негри
3248,телязиоз
3249,телята
3250,темворс
3251,температура прорастания
3252,тепличная отрасль
3253,тепловой стресс у свиней
3254,тербутилазин
3255,терская
3256,тест
3257,тетания
3258,техкарта
3259,техника
3260,техническая конопля
3261,технологическая карта
3262,течение инфекционной болезни
3263,течка
3264,тилома
3265,тимур
3266,тип роста
3267,тоггенбургская
3268,тонкорунная
3269,топ вредителей
3270,топ от участников
3271,топ по животноводству
3272,топ сорняков
3273,топ статей
3274,торийская
3275,точное земледелие
3276,трава луговая
3277,травы
3278,тракененская
3279,трактор
3280,тракторная и автомобильная техника
3281,трансламинарный эффект
3282,транспирация
3283,траткор
3284,тренд 90
3285,трехточка
3286,триазол
3287,туберкулез
3288,туклинская
3289,тяжелые металлы
3290,уаи
3291,уборка
3292,уборка кукурузы
3293,уборка подсолнечника
3294,уборка урожая
3295,уборка кормов
3296,увядание
3297,увядание яблок
3298,углосним
3299,удаление навоза
3300,удобрение
3301,удобрение плодовых
3302,удобрение соломой
3303,удушение сорняков
3304,укосный подсолнечник
3305,украинская верховая
3306,украинская степная белая
3307,украинская степная пестрая
3308,уксусная кислота
3309,улей
3310,уплотнение
3311,управление стадом
3312,управление фермой
3313,уралосибирская
3314,уржумская
3315,уровень гормона прогестерона
3316,устойчивость
3317,учёт
3318,фазы пульсации
3319,фацелия
3320,фенофазы яблони
3321,ферма коз
3322,фермер
3323,фермерство
3324,фертигация
3325,фзотфиксация
3326,финский ландрас
3327,фитогормоны
3328,фитонциды
3329,флаговый лист
3330,флегмона венчика
3331,формирование винограда
3332,форум
3333,фосфор животноводство
3334,фосфоритование
3335,фосфорное удобрение
3336,фтор животноводство
3337,фуза
3338,фумигант
3339,фумигация
3340,фунгицид
3341,фунгициды
3342,фураж
3343,хайленд
3344,хирургия
3345,хламидиоз
3346,хлеб
3347,хлор
3348,хлорид аммония
3349,хлористый калий
3350,хлористый кобальт
3351,хлороз
3352,хлорофилл
3353,цвартблес
3354,цена
3355,цены
3356,цены на молоко
3357,цены на мясо
3358,цианамид кальция
3359,цинк животноводство
3360,цитогумат
3361,цыпленок
3362,частота кормораздачи
3363,чашка петри
3364,череззерница
3365,черемуховая тля
3366,чешская яма
3367,чипирование
3368,чистогорская
3369,шаг
3370,шайр
3371,широкорядный посев
3372,шмель
3373,шрот хлопковый
3374,штамм
3375,щетинник
3376,щетки-чесалки
3377,эвито т
3378,эгилопс
3379,эдельшвайн
3380,эдильбаевская
3381,экология
3382,экономика животноводства
3383,экономикарастениеводства
3384,эксперимент
3385,экспорт
3386,экспорт пшеницы
3387,экспортные квоты
3388,экспресс голд
3389,экссудат
3390,элеватор
3391,эмбриональная смертность
3392,эндометрит
3393,эндосперм
3394,энзоотия
3395,энтомофаг
3396,эпв
3397,эпизоотия
3398,эпифитотия
3399,эрозия
3400,эстонская беконная
3401,югагро
3402,южная мясная
3403,ягнение
3404,ягодоводство
3405,язва рустергольца
3406,якутская
3407,ярина
3408,яровизация
3409,яровой однолетник
3410,ячмень пивоваренный
3411,ячмень яровой
3412,ёмкости для опрыскивания
